{"type":"FeatureCollection","features":[{"type":"Feature","properties":{"state":"Sarawak","district":"Lundu"},"geometry":{"type":"Polygon","coordinates":[[[110.13392437700008,1.696015648000071],[110.09150326500009,1.697758217000057],[110.08859770900006,1.701824205000037],[110.07174548600005,1.697177361000058],[110.04733881900006,1.695434792000071],[110.01247215100005,1.698339073000056],[109.99736326200008,1.696015648000071],[109.98632215000003,1.682655901000032],[109.97528103900004,1.682075041000076],[109.97528103900004,1.694273078000037],[109.95784770500006,1.698339073000056],[109.95436103800006,1.697758217000057],[109.95029326000008,1.689045357000055],[109.94041437100009,1.686721921000071],[109.92588659300009,1.689045357000055],[109.91949437100004,1.691949648000048],[109.92762992600007,1.700662495000074],[109.92356214900008,1.70414762300004],[109.90845325900005,1.713441266000075],[109.89624992600005,1.716345520000061],[109.87300548000007,1.732609263000029],[109.87300548000007,1.73783686500002],[109.88114103600009,1.75642377600002],[109.85382881300006,1.77384883700006],[109.84801770200005,1.780237985000042],[109.85092325800008,1.781980477000047],[109.85150436900005,1.78662711100003],[109.83523325700008,1.788369597000042],[109.82361103400007,1.792435389000048],[109.78990658900005,1.806375178000053],[109.77247325500008,1.817991588000041],[109.71726769800006,1.838900937000062],[109.69925325300005,1.848774711000033],[109.68356325300005,1.861552455000037],[109.68472547500005,1.873749306000036],[109.68240103000005,1.880718897000065],[109.65508880700008,1.903950666000071],[109.65160214000008,1.910920135000026],[109.64985880700004,1.928924467000058],[109.65508880700008,1.939378508000061],[109.64811547400006,1.952736356000059],[109.65102102900005,1.974805609000043],[109.65741325200008,1.987001650000025],[109.66264325200007,1.984678602000031],[109.66671103000004,1.987582412000052],[109.65683214100005,1.995713053000031],[109.64927769600007,2.007328185000063],[109.64927769600007,2.013135720000037],[109.65392658500008,2.024169979000021],[109.65450769600005,2.036946396000076],[109.64579102900007,2.052626406000059],[109.63881769600005,2.03171969300007],[109.61905991700007,1.994551535000028],[109.58361213800003,1.962609479000037],[109.57431436000007,1.93008603100003],[109.56675991600008,1.924278206000054],[109.55746213800006,1.925439773000051],[109.55106991500008,1.93008603100003],[109.54293435900007,1.928343685000073],[109.53828547000006,1.91847036200005],[109.54525880400007,1.884784479000075],[109.55281324900005,1.874330106000059],[109.55339436000008,1.863294868000025],[109.55978658200007,1.854001981000067],[109.57257102700004,1.851678752000055],[109.58535547200006,1.842385805000049],[109.59407213900005,1.820314861000043],[109.59988325000006,1.812183393000055],[109.60627547200005,1.807536823000021],[109.63765547300005,1.804051887000071],[109.66438658500005,1.794758694000052],[109.67310325200003,1.790112080000029],[109.68007658600004,1.780818816000021],[109.67949547500007,1.770944672000041],[109.67484658600006,1.759327964000022],[109.66554880800004,1.747711184000025],[109.66612991900007,1.705309331000024],[109.65160214000008,1.652450920000035],[109.65276436300007,1.639671751000037],[109.65741325200008,1.628054254000062],[109.66380547400007,1.621083723000027],[109.68646880800009,1.605980825000074],[109.69750992000007,1.587973377000026],[109.70738880900007,1.580421820000026],[109.72424103200007,1.561252359000036],[109.78235214400007,1.506647490000034],[109.79513658900004,1.498514732000046],[109.79746103400004,1.493867428000044],[109.79223103400005,1.472954438000045],[109.80966436700004,1.465402477000055],[109.81838103400008,1.468888001000039],[109.82825992400006,1.481668208000031],[109.83755770200008,1.486315538000042],[109.83348992400005,1.468888001000039],[109.82767881200004,1.456688644000053],[109.82651659000004,1.446232],[109.82884103500004,1.428804153000044],[109.83639547900009,1.424737636000032],[109.84569325700005,1.424737636000032],[109.85499103500007,1.420671112000036],[109.87997881400008,1.418928314000027],[109.88985770300008,1.414280846000054],[109.89973659200007,1.415442714000051],[109.92181881500005,1.423575773000039],[109.93053548200004,1.428223222000042],[109.94854992700004,1.447393852000062],[109.96830770500009,1.45959325900003],[109.99097103900004,1.468307081000034],[110.00666104000004,1.489220114000034],[110.01828326200007,1.51303749300007],[110.02816215200005,1.526979253000036],[110.08162437500005,1.52117019700006],[110.10603104300009,1.524074727000027],[110.12753215500004,1.538016415000072],[110.13392437700008,1.545568125000045],[110.13973548800004,1.581583599000055],[110.14728993300008,1.592620475000047],[110.17750771200008,1.597848448000036],[110.18273771200006,1.601333756000031],[110.18389993400007,1.613532288000044],[110.18273771200006,1.624568991000046],[110.17576437800005,1.634443886000042],[110.14031659900007,1.666391738000073],[110.13392437700008,1.696015648000071]]]}},{"type":"Feature","properties":{"state":"Sarawak","district":"Bau"},"geometry":{"type":"Polygon","coordinates":[[[109.93053548200004,1.428223222000042],[109.92230139900005,1.423833071000047],[109.94099548200006,1.41253804300004],[109.96191548300004,1.392786185000034],[109.96482103900007,1.386395843000059],[109.95959103900009,1.369548493000025],[109.96017215000006,1.360253353000076],[109.96888881700005,1.325396262000027],[109.98109215000005,1.295186385000022],[110.00201215100009,1.295186385000022],[110.01189104000008,1.292281570000057],[110.02235104000005,1.281824208000046],[110.03164881800006,1.278338412000039],[110.05198770800007,1.264395178000029],[110.05547437500007,1.267880994000052],[110.06070437500006,1.264395178000029],[110.06360993000004,1.241737264000051],[110.06244770800004,1.231860676000053],[110.04559548600008,1.221403073000033],[110.03920326300005,1.210945429000049],[110.04559548600008,1.205135609000024],[110.05721770800005,1.206297574000075],[110.07988104200007,1.213269353000044],[110.08511104200005,1.210364448000064],[110.09034104200003,1.201068728000052],[110.10254437600008,1.192934948000072],[110.11532882100005,1.191191992000029],[110.15368215500007,1.199906761000022],[110.16007437800005,1.206878557000039],[110.17866993400008,1.244642136000039],[110.18680549000004,1.256261590000065],[110.20249549000005,1.271947772000033],[110.22806438000003,1.328881993000039],[110.28210771500005,1.426480430000026],[110.28326993700006,1.451460328000053],[110.27978327000005,1.46017418100007],[110.26757993700005,1.47237351900003],[110.21818549100004,1.491543772000057],[110.20714437900006,1.503742937000027],[110.20307660100008,1.563575939000032],[110.19958993500006,1.570546665000052],[110.19610326800006,1.571708450000074],[110.18912993400005,1.568803986000034],[110.15658771100004,1.552538910000067],[110.14554660000005,1.55486250000007],[110.13870791400007,1.572338931000047],[110.13392437700008,1.545568125000045],[110.12753215500004,1.538016415000072],[110.10603104300009,1.524074727000027],[110.08162437500005,1.52117019700006],[110.06244770800004,1.521751104000032],[110.02816215200005,1.526979253000036],[110.01828326200007,1.51303749300007],[110.00666104000004,1.489220114000034],[109.99097103900004,1.468307081000034],[109.96830770500009,1.45959325900003],[109.94854992700004,1.447393852000062],[109.93053548200004,1.428223222000042]]]}},{"type":"Feature","properties":{"state":"Sarawak","district":"Kuching"},"geometry":{"type":"Polygon","coordinates":[[[110.13870791400007,1.572338931000047],[110.14554660000005,1.55486250000007],[110.15658771100004,1.552538910000067],[110.18912993400005,1.568803986000034],[110.19610326800006,1.571708450000074],[110.19958993500006,1.570546665000052],[110.20307660100008,1.563575939000032],[110.20714437900006,1.503742937000027],[110.21818549100004,1.491543772000057],[110.26757993700005,1.47237351900003],[110.27978327000005,1.46017418100007],[110.28326993700006,1.451460328000053],[110.28210771500005,1.426480430000026],[110.22806438000003,1.328881993000039],[110.20249549000005,1.271947772000033],[110.18680549000004,1.256261590000065],[110.17866993400008,1.244642136000039],[110.16007437800005,1.206878557000039],[110.15418870900004,1.200459244000058],[110.17460215600005,1.186544103000074],[110.18622437900007,1.182477195000047],[110.20307660100008,1.160399587000029],[110.20714437900006,1.151103701000068],[110.20656326800008,1.126120856000057],[110.21063104600006,1.118567861000031],[110.21876660200007,1.116243858000075],[110.23329438000007,1.117405860000019],[110.23910549100009,1.113919854000073],[110.24724104700005,1.081383603000063],[110.26060660300004,1.065115346000027],[110.26351215900007,1.055819160000055],[110.27048549200003,1.053495110000028],[110.27687771500007,1.056981185000041],[110.28443215900006,1.069182418000025],[110.29547327100005,1.104623819000039],[110.29721660400008,1.194096918000071],[110.30244660400007,1.206297574000075],[110.32685327200005,1.230698722000056],[110.33150216100006,1.242318239000042],[110.33382660500007,1.274852610000039],[110.33789438300005,1.295186385000022],[110.34312438300009,1.311453287000063],[110.35532771700008,1.328881993000039],[110.36578771700005,1.350958178000042],[110.36694993900005,1.363739035000037],[110.37566660600004,1.390462426000056],[110.38322105100008,1.398595572000033],[110.40414105200006,1.40847149800004],[110.40995216300007,1.416023648000021],[110.40007327400008,1.419509247000065],[110.38845105100006,1.418347381000046],[110.38089660700007,1.414861780000024],[110.33033993800007,1.428223222000042],[110.32104216000005,1.436356236000051],[110.31697438200007,1.443327368000041],[110.32859660500009,1.46249787000005],[110.37740994000006,1.482249125000067],[110.40472216300009,1.51361840200002],[110.42447994100007,1.514199310000038],[110.44365660800008,1.509552040000074],[110.46167105300009,1.511294767000038],[110.47736105400008,1.51768475700004],[110.48084772100009,1.522912916000053],[110.46864438700004,1.542082724000068],[110.46806327600007,1.550796216000037],[110.47968549800004,1.565899517000048],[110.48549661000004,1.584488046000047],[110.48549661000004,1.592620475000047],[110.51920105500005,1.595524906000037],[110.52152550000005,1.600752872000044],[110.51803883300005,1.616436689000068],[110.50874105500009,1.628635130000021],[110.49421327700009,1.633282136000048],[110.47794216500006,1.630377759000055],[110.47445549800005,1.634443886000042],[110.47561772000006,1.641995242000064],[110.48549661000004,1.646642217000021],[110.49305105400003,1.646642217000021],[110.49479438800006,1.65187005100006],[110.47910438700006,1.655936134000058],[110.48317216500004,1.668134334000058],[110.49246994300006,1.672200384000064],[110.49537549900003,1.676266425000051],[110.49072661000008,1.681494180000072],[110.49130772100006,1.687302780000039],[110.49595661000006,1.693111363000071],[110.50060549900007,1.707051891000049],[110.51687661100004,1.722734864000074],[110.52094438900008,1.723315713000034],[110.52501216600007,1.727381646000026],[110.50641661000009,1.743064452000056],[110.50292994400007,1.751777065000056],[110.49828105400007,1.752357905000054],[110.49363216500007,1.747711184000025],[110.49886216600004,1.727962493000064],[110.49130772100006,1.723896561000061],[110.47154994300007,1.726219952000065],[110.46690105400006,1.73609433200005],[110.45876549800005,1.736675176000062],[110.45411660900004,1.730285879000064],[110.44830549700004,1.731447571000047],[110.44191327500005,1.726219952000065],[110.43958883100004,1.709375303000058],[110.43087216400005,1.690787932000035],[110.41692549700008,1.683817622000049],[110.39251882900004,1.694853935000026],[110.37682882900003,1.690787932000035],[110.37276105100005,1.694853935000026],[110.36811216200005,1.707632744000023],[110.36404438400007,1.711117859000069],[110.35648993900008,1.712860415000023],[110.35707105000006,1.755842938000058],[110.34951660600007,1.770363838000037],[110.33731327200007,1.784303795000028],[110.33789438300005,1.790112080000029],[110.34661105000004,1.798243647000049],[110.34428660500004,1.804632710000021],[110.33673216100004,1.805213533000028],[110.32859660500009,1.80230941700006],[110.32569104900006,1.797081997000021],[110.32569104900006,1.78720794000003],[110.32278549400007,1.778495493000037],[110.31813660500006,1.772687172000076],[110.31639327100004,1.757004614000039],[110.30302771500004,1.734351798000034],[110.31581216000006,1.725639104000038],[110.31174438200009,1.714602968000065],[110.31174438200009,1.707051891000049],[110.29721660400008,1.687302780000039],[110.28908104800007,1.687883639000063],[110.28268882600008,1.691949648000048],[110.28908104800007,1.702985914000067],[110.28617549300009,1.706471038000075],[110.27106660300007,1.708213597000054],[110.26757993700005,1.711698711000054],[110.23503771300005,1.709375303000058],[110.20540104600008,1.701824205000037],[110.19029215600006,1.706471038000075],[110.18506215600007,1.705890184000054],[110.13392437700008,1.696015648000071],[110.14031659900007,1.666391738000073],[110.17576437800005,1.634443886000042],[110.18273771200006,1.624568991000046],[110.18389993400007,1.613532288000044],[110.18273771200006,1.601333756000031],[110.17750771200008,1.597848448000036],[110.14728993300008,1.592620475000047],[110.13973548800004,1.581583599000055],[110.13870791400007,1.572338931000047]]]}},{"type":"Feature","properties":{"state":"Sarawak","district":"Samarahan"},"geometry":{"type":"Polygon","coordinates":[[[110.40007327400008,1.419509247000065],[110.42389883000004,1.413699912000027],[110.43203438600005,1.39220524600006],[110.43610216400003,1.388719605000063],[110.44714327500009,1.388719605000063],[110.46341438700006,1.380586425000047],[110.47503660900009,1.367805657000019],[110.48375327600007,1.366062820000025],[110.50234883200005,1.368386603000033],[110.51803883300005,1.377100768000048],[110.54360772300004,1.374196050000023],[110.57208216800007,1.404985882000062],[110.59300216800006,1.422413909000056],[110.62263883600008,1.439260877000038],[110.64704550300007,1.456688644000053],[110.65111328100005,1.46249787000005],[110.64820772600007,1.49502925500002],[110.66041105900007,1.515361126000073],[110.54418883400007,1.514780218000055],[110.52231581100006,1.519450714000072],[110.48084772100009,1.522912916000053],[110.47736105400008,1.51768475700004],[110.46167105300009,1.511294767000038],[110.44365660800008,1.509552040000074],[110.42447994100007,1.514199310000038],[110.40472216300009,1.51361840200002],[110.37740994000006,1.482249125000067],[110.32859660500009,1.46249787000005],[110.31697438200007,1.443327368000041],[110.32104216000005,1.436356236000051],[110.33033993800007,1.428223222000042],[110.38089660700007,1.414861780000024],[110.38845105100006,1.418347381000046],[110.40007327400008,1.419509247000065]]]}},{"type":"Feature","properties":{"state":"Sarawak","district":"Asajaya"},"geometry":{"type":"Polygon","coordinates":[[[110.48084772100009,1.522912916000053],[110.52231581100006,1.519450714000072],[110.54418883400007,1.514780218000055],[110.66041105900007,1.515361126000073],[110.64820772600007,1.49502925500002],[110.65111328100005,1.46249787000005],[110.64775313300004,1.457699217000027],[110.68484097100009,1.453644604000033],[110.73318941700006,1.477067342000055],[110.74211528400008,1.489336297000023],[110.74137146200007,1.520937835000041],[110.73690852800007,1.532834765000075],[110.72351972800004,1.551051811000036],[110.71087475000007,1.555884879000075],[110.68930390500009,1.55885906900005],[110.66512968200004,1.567781613000022],[110.66178248200004,1.573358184000028],[110.64616221400007,1.578562970000064],[110.64318692500007,1.583024205000072],[110.64318692500007,1.58822896700002],[110.63426105900004,1.585626588000025],[110.63351723600005,1.588600736000046],[110.61529359100007,1.596036086000026],[110.59521039100008,1.600125517000038],[110.58516879000007,1.596779619000074],[110.56359794500008,1.596036086000026],[110.54165518900004,1.58339597500003],[110.51920105500005,1.595524906000037],[110.48549661000004,1.592620475000047],[110.48549661000004,1.584488046000047],[110.47968549800004,1.565899517000048],[110.46806327600007,1.550796216000037],[110.46864438700004,1.542082724000068],[110.48084772100009,1.522912916000053]]]}},{"type":"Feature","properties":{"state":"Sarawak","district":"Tebedu"},"geometry":{"type":"Polygon","coordinates":[[[110.27569698600007,1.056337261000067],[110.27920215900008,1.044198889000029],[110.27280993700003,1.034321625000075],[110.27687771500007,1.018053123000072],[110.27397215900004,1.000622495000073],[110.31232549300006,0.996555335000039],[110.31987993800004,0.993650217000038],[110.33498882700007,0.998298404000025],[110.34719216100007,0.988420999000027],[110.35939549500006,0.985515875000033],[110.36985549500008,0.986677925000038],[110.38031549500005,0.993069193000053],[110.39484327400004,0.993069193000053],[110.40646549600007,0.976219459000049],[110.40762771800007,0.953559339000037],[110.41866883000006,0.946586964000062],[110.43319660800006,0.944843868000021],[110.44075105300004,0.941357674000074],[110.43145327500008,0.926250791000029],[110.43726438600004,0.91753525200005],[110.45527883100004,0.907657616000051],[110.46515772000004,0.894874753000067],[110.47387438700008,0.889064346000055],[110.47794216500006,0.879186633000074],[110.52733661100007,0.872795158000031],[110.56743327900006,0.855363806000071],[110.58777216800007,0.860593220000055],[110.59997550200006,0.869308894000028],[110.61450328000006,0.87163307000003],[110.62670661400006,0.880929761000061],[110.63251772500007,0.911143844000037],[110.63367994700008,0.981448696000029],[110.58726369600004,0.98239286300003],[110.53187654200008,0.998734171000024],[110.52188869400004,1.029600863000041],[110.50826890200005,1.057743764000065],[110.46105362300005,1.108581900000047],[110.32199944200005,1.225560554000026],[110.30244660400007,1.206297574000075],[110.29721660400008,1.194096918000071],[110.29547327100005,1.104623819000039],[110.28443215900006,1.069182418000025],[110.27569698600007,1.056337261000067]]]}},{"type":"Feature","properties":{"state":"Sarawak","district":"Serian"},"geometry":{"type":"Polygon","coordinates":[[[110.32199944200005,1.225560554000026],[110.46105362300005,1.108581900000047],[110.50826890200005,1.057743764000065],[110.52188869400004,1.029600863000041],[110.53187654200008,0.998734171000024],[110.58726369600004,0.98239286300003],[110.63367994700008,0.981448696000029],[110.63112785100009,0.908017021000035],[110.64065328100008,0.909400731000062],[110.64704550300007,0.904752424000037],[110.64704550300007,0.888483305000022],[110.65401883700008,0.88034871800005],[110.66331661500004,0.878605590000063],[110.68249328200005,0.88034871800005],[110.70166994900006,0.891969551000045],[110.71387328300005,0.903590347000033],[110.72200883900007,0.905914501000041],[110.75048328400004,0.904752424000037],[110.75629439500005,0.907657616000051],[110.75919995100008,0.923926649000066],[110.76442995100007,0.93089906900002],[110.77140328500008,0.932642172000044],[110.78883661900005,0.905333463000034],[110.79580995200007,0.903009308000037],[110.80452661900006,0.906495540000037],[110.80975661900004,0.912886956000023],[110.80917550800007,0.922764578000056],[110.80220217500005,0.937871476000055],[110.80336439700005,0.944843868000021],[110.81789217500005,0.951235216000043],[110.84810995400005,0.95065418400003],[110.85566439800004,0.953559339000037],[110.86205662100008,0.966923018000045],[110.88123328800003,0.978543565000052],[110.85973217600008,1.018053123000072],[110.86728662100006,1.030254508000041],[110.87251662100005,1.033740609000063],[110.87193551000007,1.039550769000073],[110.85915106500005,1.070344438000063],[110.83823106500006,1.093003733000046],[110.83474439800005,1.116824859000076],[110.80568884100006,1.12495885800007],[110.79406661900003,1.133673832000056],[110.75215688400004,1.177015908000044],[110.64244310300006,1.268857021000031],[110.60859919100005,1.308641444000045],[110.54360772300004,1.374196050000023],[110.51803883300005,1.377100768000048],[110.50234883200005,1.368386603000033],[110.48375327600007,1.366062820000025],[110.47503660900009,1.367805657000019],[110.46341438700006,1.380586425000047],[110.44714327500009,1.388719605000063],[110.43610216400003,1.388719605000063],[110.43203438600005,1.39220524600006],[110.42389883000004,1.413699912000027],[110.40995216300007,1.416023648000021],[110.40414105200006,1.40847149800004],[110.38322105100008,1.398595572000033],[110.37566660600004,1.390462426000056],[110.36694993900005,1.363739035000037],[110.36578771700005,1.350958178000042],[110.35997660600009,1.337015347000033],[110.34312438300009,1.311453287000063],[110.33382660500007,1.274852610000039],[110.33150216100006,1.242318239000042],[110.32685327200005,1.230698722000056],[110.32199944200005,1.225560554000026]]]}},{"type":"Feature","properties":{"state":"Sarawak","district":"Simunjan"},"geometry":{"type":"Polygon","coordinates":[[[110.54360772300004,1.374196050000023],[110.60859919100005,1.308641444000045],[110.64244310300006,1.268857021000031],[110.75215688400004,1.177015908000044],[110.79406661900003,1.133673832000056],[110.80568884100006,1.12495885800007],[110.83474439800005,1.116824859000076],[110.83823106500006,1.093003733000046],[110.85915106500005,1.070344438000063],[110.87193551000007,1.039550769000073],[110.87251662100005,1.033740609000063],[110.86728662100006,1.030254508000041],[110.85973217600008,1.018053123000072],[110.88123328800003,0.978543565000052],[110.88994995500008,0.990164073000074],[110.89285551100005,1.008756800000072],[110.90273440000004,1.024444331000041],[110.91086995600006,1.028511456000047],[110.93295217800005,1.022701275000031],[110.94747995700004,1.026768403000062],[110.98060329100008,1.028511456000047],[110.99280662500007,1.068601408000063],[110.99338773600005,1.085450654000056],[110.98292773600008,1.130768844000045],[110.95038551200008,1.177829292000069],[110.95561551300005,1.193515933000072],[110.97653551300004,1.208621503000074],[111.00094218100008,1.210945429000049],[111.01837551400007,1.205135609000024],[111.02302440300008,1.209783466000033],[111.02651107000008,1.224307967000072],[111.03232218100004,1.228374813000073],[111.04220107100008,1.23011774500003],[111.06718884900005,1.219660135000026],[111.07532440500006,1.220822094000027],[111.09798773900008,1.244642136000039],[111.10089329500005,1.251613815000042],[111.10205551700005,1.28008131100006],[111.12529996200004,1.323072438000054],[111.12529996200004,1.349215328000071],[111.11658329500005,1.389881486000036],[111.06021551600008,1.403243072000066],[111.04626884900006,1.413118977000067],[111.02011884800004,1.444489221000026],[110.99803662500005,1.483991874000026],[110.98931995800007,1.491543772000057],[110.95270995700008,1.515361126000073],[110.87716551000005,1.53859731700004],[110.82893328700004,1.56938487900004],[110.79522884100004,1.578679149000038],[110.77024106300007,1.563575939000032],[110.76733550700004,1.550215317000038],[110.73863663300006,1.52851604500006],[110.74285910600008,1.511271531000034],[110.74211528400008,1.489336297000023],[110.73318941700006,1.477067342000055],[110.68484097100009,1.453644604000033],[110.64775313300004,1.457699217000027],[110.62263883600008,1.439260877000038],[110.59300216800006,1.422413909000056],[110.57208216800007,1.404985882000062],[110.54360772300004,1.374196050000023]]]}},{"type":"Feature","properties":{"state":"Sarawak","district":"Sri Aman"},"geometry":{"type":"Polygon","coordinates":[[[110.98070158700006,1.028890536000063],[110.99278338000005,1.027163495000025],[110.99724631400005,1.031997559000047],[111.00356880300006,1.034228663000022],[111.02030480300004,1.033484962000045],[111.03666889300007,1.036087915000053],[111.07497573800003,1.053192983000031],[111.08241396100004,1.052077438000026],[111.09840613900008,1.055052224000065],[111.10696009500003,1.052449286000069],[111.13559725100004,1.052449286000069],[111.16683778500004,1.064720259000069],[111.18989627500008,1.063232871000025],[111.20030978600005,1.065463952000073],[111.21183903100007,1.076247491000061],[111.23266605400005,1.083684392000066],[111.23861663200006,1.081825169000069],[111.24122001000006,1.075503800000035],[111.25274925500008,1.067695032000074],[111.27394818900007,1.065092106000066],[111.28733698900004,1.055424072000051],[111.29923814500006,1.05393667900006],[111.31820561200004,1.045012310000061],[111.34833041300004,1.039434566000068],[111.37399228000004,1.024188682000045],[111.40151370400008,1.012289406000036],[111.43610143800004,1.016751640000052],[111.46473859400004,1.036087915000053],[111.47738357200006,1.034600513000044],[111.49337575100009,1.02902275100007],[111.51085557300007,1.015264229000024],[111.51754997400008,0.994440409000049],[111.53391406300005,0.962088858000072],[111.53912081900006,0.960973282000054],[111.54246801900007,0.962832576000039],[111.55176579700009,0.95204865900007],[111.55846019700004,0.959485846000064],[111.55957593000005,0.990350001000024],[111.56552650800006,0.994068554000023],[111.57965913100008,0.993696699000054],[111.59899850900007,0.998902668000028],[111.62837948800006,1.027535346000036],[111.66110766700007,1.046499707000066],[111.65962002200007,1.07885040900004],[111.65664473300006,1.085171770000045],[111.64660313300004,1.091493119000063],[111.62800757700006,1.098186297000041],[111.62354464300006,1.122727821000069],[111.61164348800008,1.13834504700003],[111.53672664100009,1.186544103000074],[111.51406330700007,1.19758282500004],[111.50185997300008,1.209202484000059],[111.49895441800004,1.248708951000026],[111.48907552800006,1.264395178000029],[111.49430552800004,1.274852610000039],[111.51057664000007,1.285890965000021],[111.51231997300005,1.297510234000072],[111.50244108400005,1.327139128000056],[111.49546775100004,1.335272488000044],[111.48965663900009,1.381167368000035],[111.46060108300009,1.399757448000059],[111.42805886000008,1.41253804300004],[111.40132774800009,1.416604581000058],[111.38156997000004,1.416023648000021],[111.29998196700006,1.445465178000063],[111.25907174400004,1.45773430600002],[111.24605485400008,1.465541898000026],[111.24010427600007,1.479298066000069],[111.23340987600005,1.487105583000073],[111.21816152000008,1.454388187000063],[111.19138391900009,1.417952347000039],[111.18580525300007,1.380400524000038],[111.18097040800006,1.368130987000029],[111.17167263000005,1.360323067000024],[111.15158942900007,1.368130987000029],[111.13448151800009,1.378169704000072],[111.12778711800007,1.385605763000058],[111.11658329500005,1.389881486000036],[111.12529996200004,1.349215328000071],[111.12529996200004,1.323072438000054],[111.10205551700005,1.28008131100006],[111.10089329500005,1.251613815000042],[111.09217662800006,1.237089463000075],[111.07532440500006,1.220822094000027],[111.06718884900005,1.219660135000026],[111.04220107100008,1.23011774500003],[111.03232218100004,1.228374813000073],[111.02651107000008,1.224307967000072],[111.02302440300008,1.209783466000033],[111.01837551400007,1.205135609000024],[111.00094218100008,1.210945429000049],[110.97653551300004,1.208621503000074],[110.95561551300005,1.193515933000072],[110.95038551200008,1.177829292000069],[110.98292773600008,1.130768844000045],[110.99338773600005,1.085450654000056],[110.99280662500007,1.068601408000063],[110.98070158700006,1.028890536000063]]]}},{"type":"Feature","properties":{"state":"Sarawak","district":"Betong"},"geometry":{"type":"Polygon","coordinates":[[[111.51095855300008,1.288436413000056],[111.54135228500007,1.290422486000068],[111.56552650800006,1.298230627000066],[111.57779957500009,1.304551485000047],[111.59156028700005,1.319052218000024],[111.63321433300007,1.348425236000026],[111.64846268900004,1.366643766000038],[111.655529,1.384118553000064],[111.67635602300004,1.468144423000069],[111.68156277800006,1.477810917000056],[111.69011673400007,1.469259790000024],[111.70053024600008,1.468144423000069],[111.71094375700005,1.470375156000046],[111.73586180200004,1.484503080000025],[111.75111015800007,1.50420766600007],[111.76452220300007,1.546729924000033],[111.78776664800006,1.583907157000056],[111.79183442600004,1.594944020000071],[111.76045442500003,1.639090878000047],[111.74708886900004,1.671619520000036],[111.70059997900006,1.643156987000054],[111.66515220000008,1.643156987000054],[111.63842108800009,1.660002209000027],[111.63028553300006,1.662325677000069],[111.56171441900005,1.66290654300002],[111.54892997500008,1.672200384000064],[111.52859108500007,1.700662495000074],[111.51406330700007,1.702405060000046],[111.49139997300006,1.689626216000022],[111.46699330500007,1.66755346900004],[111.45246552700007,1.648384830000055],[111.43793774900007,1.640252624000027],[111.42340997100007,1.638510004000068],[111.40423330400006,1.643156987000054],[111.39667885900008,1.653031790000057],[111.39261108100004,1.668715198000029],[111.38273219200005,1.683236762000035],[111.37110996900009,1.680913319000069],[111.32462107900005,1.665810873000055],[111.31299885600004,1.657678739000062],[111.31009330100005,1.650708311000074],[111.30893107900005,1.639671751000037],[111.31183663400009,1.632120385000064],[111.35130570200005,1.600869049000039],[111.35614054700005,1.593061949000059],[111.35725628000006,1.570384015000059],[111.35539672400006,1.561089708000054],[111.34907423500005,1.550680036000074],[111.33159441300006,1.549936486000036],[111.30518872300007,1.564807436000024],[111.27469201100007,1.570012243000065],[111.21964916500008,1.555513105000045],[111.19287156400009,1.532834765000075],[111.19845023100004,1.523912074000066],[111.21890534300007,1.505694797000046],[111.24010427600007,1.479298066000069],[111.24605485400008,1.465541898000026],[111.25907174400004,1.45773430600002],[111.29998196700006,1.445465178000063],[111.38156997000004,1.416023648000021],[111.40132774800009,1.416604581000058],[111.42805886000008,1.41253804300004],[111.46060108300009,1.399757448000059],[111.48384552800007,1.386395843000059],[111.48965663900009,1.381167368000035],[111.49198108400009,1.372453217000043],[111.49314330600004,1.343986772000051],[111.49546775100004,1.335272488000044],[111.50244108400005,1.327139128000056],[111.50883330700009,1.312615204000053],[111.51231997300005,1.297510234000072],[111.51095855300008,1.288436413000056]]]}},{"type":"Feature","properties":{"state":"Sarawak","district":"Pusa"},"geometry":{"type":"Polygon","coordinates":[[[111.06021551600008,1.403243072000066],[111.12778711800007,1.385605763000058],[111.13448151800009,1.378169704000072],[111.15158942900007,1.368130987000029],[111.17167263000005,1.360323067000024],[111.18097040800006,1.368130987000029],[111.18580525300007,1.380400524000038],[111.19138391900009,1.417952347000039],[111.21816152000008,1.454388187000063],[111.23340987600005,1.487105583000073],[111.21890534300007,1.505694797000046],[111.19845023100004,1.523912074000066],[111.19287156400009,1.532834765000075],[111.21964916500008,1.555513105000045],[111.27469201100007,1.570012243000065],[111.30518872300007,1.564807436000024],[111.33159441300006,1.549936486000036],[111.34907423500005,1.550680036000074],[111.35539672400006,1.561089708000054],[111.35725628000006,1.570384015000059],[111.35614054700005,1.593061949000059],[111.35130570200005,1.600869049000039],[111.31183663400009,1.632120385000064],[111.30893107900005,1.639671751000037],[111.31009330100005,1.650708311000074],[111.31299885600004,1.657678739000062],[111.32462107900005,1.665810873000055],[111.38127941153014,1.682946331106281],[111.20741822800005,1.690424896000025],[111.17563871300007,1.717652433000069],[111.15977147400008,1.712023988000055],[111.14675458500005,1.694923638000034],[111.12406800600007,1.693808392000051],[111.08278587200004,1.697525875000053],[111.08464542700005,1.702730338000038],[111.05154533800004,1.710165262000032],[111.03592507000008,1.657004932000063],[111.02142053700004,1.655146153000032],[111.01175084700009,1.638788824000073],[111.00691600300007,1.613137289000065],[110.99767343000008,1.58877209700006],[110.99313350000006,1.557912208000062],[110.99494947200009,1.540666778000059],[110.99313350000006,1.529774855000028],[110.98677759700007,1.52160587700007],[110.94914203900004,1.516732922000074],[110.96549440200005,1.508390220000024],[110.99803662500005,1.483991874000026],[111.02011884800004,1.444489221000026],[111.04626884900006,1.413118977000067],[111.06021551600008,1.403243072000066]]]}},{"type":"Feature","properties":{"state":"Sarawak","district":"Saratok"},"geometry":{"type":"Polygon","coordinates":[[[111.64318148800004,1.656603347000043],[111.64065255500009,1.674849120000033],[111.64251211100009,1.687860405000038],[111.64139637700004,1.739161188000026],[111.62317273200006,1.77744999600003],[111.61238731000009,1.784512894000045],[111.60494908700008,1.784141163000072],[111.56180739700005,1.800868974000025],[111.53912081900006,1.816109735000055],[111.52945113000004,1.82428765100002],[111.52015335100003,1.838413055000046],[111.52424437400003,1.861087812000051],[111.51494659600007,1.88599253600006],[111.48370606100008,1.909781790000068],[111.47180490600005,1.903091096000026],[111.46473859400004,1.904577919000076],[111.46213521600004,1.915729053000064],[111.44986214900007,1.920932890000074],[111.44168010500005,1.917587568000044],[111.43870481600004,1.907923267000058],[111.43424188200004,1.906436446000043],[111.42903512700008,1.910896904000026],[111.42977894900008,1.917587568000044],[111.42643174900007,1.920189486000027],[111.38217432500005,1.880045171000063],[111.37324845800003,1.87818661600005],[111.34386748000009,1.857370658000036],[111.31932134600004,1.847334305000061],[111.26427849900006,1.808303508000051],[111.21964916500008,1.782654239000067],[111.17948276400006,1.74845466000005],[111.17563871300007,1.717652433000069],[111.20741822800005,1.690424896000025],[111.38273219200005,1.683236762000035],[111.39261108100004,1.668715198000029],[111.39667885900008,1.653031790000057],[111.40423330400006,1.643156987000054],[111.42340997100007,1.638510004000068],[111.43793774900007,1.640252624000027],[111.45246552700007,1.648384830000055],[111.46699330500007,1.66755346900004],[111.49139997300006,1.689626216000022],[111.51406330700007,1.702405060000046],[111.52859108500007,1.700662495000074],[111.54892997500008,1.672200384000064],[111.56171441900005,1.66290654300002],[111.63028553300006,1.662325677000069],[111.64318148800004,1.656603347000043]]]}},{"type":"Feature","properties":{"state":"Sarawak","district":"Kabong"},"geometry":{"type":"Polygon","coordinates":[[[111.17563871300007,1.717652433000069],[111.17948276400006,1.74845466000005],[111.19659067500004,1.764067590000025],[111.21964916500008,1.782654239000067],[111.26427849900006,1.808303508000051],[111.31932134600004,1.847334305000061],[111.34386748000009,1.857370658000036],[111.37324845800003,1.87818661600005],[111.38217432500005,1.880045171000063],[111.42643174900007,1.920189486000027],[111.43270774900009,1.939959286000033],[111.43038330400009,1.956801766000069],[111.43096441500006,1.978290202000039],[111.42282886000004,1.984678602000031],[111.40539552600006,1.985259364000058],[111.39900330300009,1.987582412000052],[111.35948774700006,2.00790893900006],[111.34670330200004,2.011393462000058],[111.31706663400007,2.011974215000066],[111.29498441100009,2.016039480000074],[111.29149774500007,2.023589231000074],[111.29091663400004,2.046819013000061],[111.28684885600006,2.054368620000048],[111.28103774400006,2.057272305000026],[111.26941552200009,2.054368620000048],[111.26767218800006,2.041011599000058],[111.26244218800008,2.028235214000063],[111.20463883200006,2.077010722000068],[111.17539174100006,2.003077056000052],[111.16981307400005,1.978545738000037],[111.17092880800004,1.964793173000032],[111.16795351900004,1.950668800000074],[111.15419280700007,1.924278206000054],[111.14303547400004,1.909038381000073],[111.11948885100009,1.860971651000057],[111.10612329500009,1.839481749000072],[111.10379885000009,1.827865478000035],[111.10379885000009,1.790112080000029],[111.10031218300009,1.779076324000073],[111.06718884900005,1.739579395000021],[111.05156131196624,1.710161673936426],[111.08464542700005,1.702730338000038],[111.08278587200004,1.697525875000053],[111.12406800600007,1.693808392000051],[111.14675458500005,1.694923638000034],[111.15977147400008,1.712023988000055],[111.17563871300007,1.717652433000069]]]}},{"type":"Feature","properties":{"state":"Sarawak","district":"Sarikei"},"geometry":{"type":"Polygon","coordinates":[[[111.49368957400009,1.903525381000065],[111.51792188500008,1.915729053000064],[111.52536010700004,1.922791400000051],[111.54507139700007,1.93357071600002],[111.57445237500008,1.965164866000066],[111.62205699900005,2.004192107000051],[111.62503228800006,2.01162576300004],[111.62540419900006,2.026492972000028],[111.62428846600005,2.038386641000045],[111.60866819900008,2.057713665000051],[111.60213743900005,2.110073851000038],[111.59166442200006,2.123869770000056],[111.58785605200006,2.158596880000061],[111.57666896600006,2.182382115000053],[111.57976326600004,2.185949867000033],[111.59071233000009,2.185236318000022],[111.58999826000007,2.190231160000053],[111.58190547400005,2.195701682000049],[111.56286362500003,2.195463834000066],[111.55738909300004,2.189517612000031],[111.55667502400007,2.18428491700007],[111.54524991400007,2.186187717000053],[111.53596701200007,2.190706858000055],[111.51692516300005,2.201647879000063],[111.50978446900007,2.210686053000074],[111.49359889700008,2.222816148000049],[111.47884146400008,2.246600358000023],[111.46598821600008,2.254924740000035],[111.46622623900004,2.250643635000074],[111.47384297900004,2.244221954000068],[111.47669925600007,2.238513770000054],[111.46860647000005,2.237800245000074],[111.45408706000006,2.22186477200006],[111.44075776500006,2.218534950000048],[111.42933265500005,2.210923899000022],[111.41005278300008,2.182382115000053],[111.40338813600005,2.177149395000072],[111.39481930300008,2.173819473000037],[111.38482233200006,2.188328365000075],[111.37696756900004,2.185712018000061],[111.37672954600004,2.171678805000056],[111.37268315300008,2.161926835000031],[111.38339419400006,2.150034104000042],[111.38291814700005,2.142422707000037],[111.37744361600005,2.144087704000071],[111.37387326900006,2.154315498000074],[111.36839873700006,2.157883317000028],[111.35982990500008,2.159072588000072],[111.35459339600004,2.157169754000051],[111.35056188000004,2.147655547000056],[111.34758659100004,2.124241425000037],[111.33903263500008,2.113091719000067],[111.33047867900007,2.11197674400006],[111.32229663400005,2.112348402000066],[111.30742019000007,2.117551611000067],[111.29142801100005,2.127957976000062],[111.26799761100006,2.136877662000074],[111.25869983300004,2.13724931400003],[111.24159192100007,2.127957976000062],[111.23155032100004,2.112720061000061],[111.22931885400004,2.103428575000066],[111.22411209800003,2.098596981000071],[111.22559974300009,2.090048739000054],[111.24159192100007,2.079270454000039],[111.24122001000006,2.074810453000055],[111.23415369900005,2.074810453000055],[111.22671547600004,2.07889878800006],[111.21555814200008,2.089305411000055],[111.21221094200007,2.095623684000032],[111.20663227600005,2.088190419000057],[111.20463883200006,2.077010722000068],[111.26244218800008,2.028235214000063],[111.26767218800006,2.041011599000058],[111.26941552200009,2.054368620000048],[111.28103774400006,2.057272305000026],[111.28684885600006,2.054368620000048],[111.29091663400004,2.046819013000061],[111.29149774500007,2.023589231000074],[111.29498441100009,2.016039480000074],[111.31706663400007,2.011974215000066],[111.34670330200004,2.011393462000058],[111.36762330200008,2.005005165000057],[111.40539552600006,1.985259364000058],[111.42282886000004,1.984678602000031],[111.43096441500006,1.978290202000039],[111.43212663800006,1.967255634000026],[111.43038330400009,1.956801766000069],[111.43270774900009,1.939959286000033],[111.42643174900007,1.920189486000027],[111.42977894900008,1.917587568000044],[111.42903512700008,1.910896904000026],[111.43424188200004,1.906436446000043],[111.43870481600004,1.907923267000058],[111.44168010500005,1.917587568000044],[111.44986214900007,1.920932890000074],[111.46213521600004,1.915729053000064],[111.46473859400004,1.904577919000076],[111.47180490600005,1.903091096000026],[111.48370606100008,1.909781790000068],[111.49368957400009,1.903525381000065]]]}},{"type":"Feature","properties":{"state":"Sarawak","district":"Pakan"},"geometry":{"type":"Polygon","coordinates":[[[111.79156082100008,1.595367943000042],[111.80169007100005,1.589344272000062],[111.83425553900008,1.590296927000054],[111.84006665000004,1.586230712000031],[111.85924331700005,1.585068935000038],[111.88539331800007,1.578098258000068],[111.89527220700006,1.587392489000024],[111.89410998500006,1.603076408000049],[111.89759665200006,1.631539510000039],[111.89469109600009,1.639090878000047],[111.88771776200008,1.642576115000054],[111.87609554000005,1.643156987000054],[111.88132554000003,1.663487409000027],[111.88829887300005,1.673362110000028],[111.89206447400005,1.691577899000038],[111.88834536200005,1.697154127000033],[111.86640260600007,1.705704311000034],[111.83590589400006,1.72763721900003],[111.81842607100003,1.734328564000066],[111.78681362600008,1.780423851000023],[111.77602820300007,1.786371547000044],[111.77082144800005,1.794921326000065],[111.76747424800004,1.810905587000036],[111.77007762600005,1.819826974000023],[111.78160687000008,1.83692617600002],[111.78309451500007,1.863318100000072],[111.76858998100005,1.888594502000046],[111.76933380300005,1.913127128000042],[111.76561469200004,1.93171221800003],[111.74664722500006,1.957359308000036],[111.74367193600006,1.993413247000035],[111.74106855800005,1.99898852900003],[111.73288651300004,2.003077056000052],[111.72172918000007,2.001962004000063],[111.71168757900006,1.997873474000073],[111.69420775700007,1.996386733000065],[111.69234820100007,1.980775873000027],[111.68714144500007,1.978917427000056],[111.66891780000009,1.981890939000039],[111.64176828800004,1.980404184000065],[111.63693344400008,1.999360213000045],[111.62303166200007,2.006627274000039],[111.57445237500008,1.965164866000066],[111.54507139700007,1.93357071600002],[111.52536010700004,1.922791400000051],[111.51792188500008,1.915729053000064],[111.49368957400009,1.903525381000065],[111.51494659600007,1.88599253600006],[111.52164099600009,1.871867512000051],[111.52424437400003,1.861087812000051],[111.52015335100003,1.838413055000046],[111.52945113000004,1.82428765100002],[111.55213770800009,1.806073151000021],[111.59044455400004,1.788973658000032],[111.61908171000005,1.781910777000064],[111.62317273200006,1.77744999600003],[111.64139637700004,1.739161188000026],[111.64251211100009,1.687860405000038],[111.64065255500009,1.674849120000033],[111.64318148800004,1.656603347000043],[111.66515220000008,1.643156987000054],[111.70059997900006,1.643156987000054],[111.74708886900004,1.671619520000036],[111.76045442500003,1.639090878000047],[111.79156082100008,1.595367943000042]]]}},{"type":"Feature","properties":{"state":"Sarawak","district":"Lubok Antu"},"geometry":{"type":"Polygon","coordinates":[[[111.66018093900004,1.045657367000047],[111.67444997800004,1.045941933000051],[111.69478886800005,1.031997559000047],[111.71745220200006,1.026768403000062],[111.72442553500008,1.013404965000063],[111.73953442500004,1.013404965000063],[111.75871109200006,1.024444331000041],[111.77033331400008,1.017472104000035],[111.77149553700008,1.008756800000072],[111.78718553700008,1.001784540000074],[111.79532109300004,1.005270671000062],[111.79473998200007,1.016891084000065],[111.79938887100008,1.021539238000059],[111.82728220500007,1.00410862800004],[111.84936442800006,1.001203517000022],[111.86331109500009,1.002946584000028],[111.87086554000007,1.008756800000072],[111.87725776200006,1.025025349000032],[111.87725776200006,1.045941933000051],[111.89585331800004,1.071506457000055],[111.90747554100005,1.074992512000051],[111.90863776300006,1.081964611000046],[111.92723331900004,1.092422728000031],[111.94640998600005,1.122634861000051],[111.98476332100006,1.127282854000043],[112.0080077660001,1.134835827000074],[112.03590110000005,1.131930839000063],[112.0783222120001,1.14122678800004],[112.12306776900004,1.14296977500004],[112.14108221400011,1.145874751000065],[112.14631221400009,1.149941713000032],[112.14921777000006,1.156913633000045],[112.14805554800012,1.163885537000056],[112.13991999200005,1.180153244000053],[112.1434066590001,1.190030020000052],[112.15619110400007,1.20455462700005],[112.16316443700009,1.220822094000027],[112.15677221500005,1.238832389000038],[112.15735332600002,1.24522311000004],[112.1678133260001,1.263233239000044],[112.16606999300006,1.279500344000041],[112.17246221500011,1.306224651000036],[112.17769221500009,1.312615204000053],[112.19280110500006,1.323072438000054],[112.20442332700009,1.336434394000037],[112.22127555000009,1.387557724000033],[112.21836999400011,1.396271819000049],[112.2015177720001,1.403243072000066],[112.19512554900007,1.410795239000038],[112.20093666100001,1.422413909000056],[112.20209888300008,1.438679949000061],[112.20500443800006,1.445651074000068],[112.21023443900003,1.450298479000026],[112.19686888300009,1.457269567000026],[112.14573110300012,1.473535358000049],[112.14050110300002,1.471792600000072],[112.13701443600007,1.466564319000042],[112.12481110300007,1.464821556000061],[112.11260776900008,1.47237351900003],[112.09226888,1.463078792000033],[112.06030776700004,1.465402477000055],[112.04810443400004,1.471211680000067],[112.04519887800006,1.477601787000026],[112.04345554500003,1.495610168000042],[112.02369776600005,1.515361126000073],[112.01846776600007,1.524074727000027],[112.01672443300004,1.544406325000068],[112.0225355440001,1.570546665000052],[112.02137332200004,1.578679149000038],[111.99464221000005,1.578679149000038],[111.96907332000006,1.571127558000057],[111.94873443100005,1.569965772000046],[111.94001776400006,1.571127558000057],[111.93071998600004,1.575774694000074],[111.90166442900005,1.576936476000071],[111.88863794400004,1.581150863000062],[111.88539331800007,1.578098258000068],[111.85924331700005,1.585068935000038],[111.84006665000004,1.586230712000031],[111.83425553900008,1.590296927000054],[111.80169007100005,1.589344272000062],[111.79156082100008,1.595367943000042],[111.78776664800006,1.583907157000056],[111.76452220300007,1.546729924000033],[111.75111015800007,1.50420766600007],[111.73586180200004,1.484503080000025],[111.71094375700005,1.470375156000046],[111.70053024600008,1.468144423000069],[111.69011673400007,1.469259790000024],[111.68156277800006,1.477810917000056],[111.67635602300004,1.468144423000069],[111.655529,1.384118553000064],[111.64846268900004,1.366643766000038],[111.63321433300007,1.348425236000026],[111.59156028700005,1.319052218000024],[111.57779957500009,1.304551485000047],[111.54135228500007,1.290422486000068],[111.51095855300008,1.288436413000056],[111.51057664000007,1.285890965000021],[111.49430552800004,1.274852610000039],[111.48907552800006,1.264395178000029],[111.49895441800004,1.248708951000026],[111.50185997300008,1.209202484000059],[111.51406330700007,1.19758282500004],[111.53672664100009,1.186544103000074],[111.61164348800008,1.13834504700003],[111.62354464300006,1.122727821000069],[111.62800757700006,1.098186297000041],[111.64660313300004,1.091493119000063],[111.65664473300006,1.085171770000045],[111.65962002200007,1.07885040900004],[111.66018093900004,1.045657367000047]]]}},{"type":"Feature","properties":{"state":"Sarawak","district":"Julau"},"geometry":{"type":"Polygon","coordinates":[[[111.88863794400004,1.581150863000062],[111.90166442900005,1.576936476000071],[111.93071998600004,1.575774694000074],[111.94001776400006,1.571127558000057],[111.95861332000004,1.56938487900004],[111.99464221000005,1.578679149000038],[112.02137332200004,1.578679149000038],[112.03822554500005,1.589716040000042],[112.06495665700004,1.602495524000062],[112.06960554600005,1.608885237000038],[112.06960554600005,1.623988114000042],[112.07192999000006,1.631539510000039],[112.10330999100006,1.62979688300004],[112.1265544360001,1.637348257000042],[112.15154221500006,1.641995242000064],[112.16025888200011,1.646061346000067],[112.16839443700007,1.653031790000057],[112.17304332600008,1.660583076000023],[112.177111104,1.672200384000064],[112.18117888200004,1.706471038000075],[112.191638882,1.725058257000057],[112.1945444380001,1.735513488000038],[112.19338221600003,1.744226136000066],[112.18873332700002,1.751196226000047],[112.1678133260001,1.761070475000054],[112.16200221500003,1.766878832000032],[112.1387577700001,1.770944672000041],[112.13008759200011,1.769271870000068],[112.10963248000007,1.775591334000069],[112.09178074600004,1.788601928000048],[112.07504474600012,1.806073151000021],[112.05458963400008,1.816853183000035],[112.04306038900006,1.832093809000071],[112.03450643300005,1.837669615000038],[112.03785363300005,1.855883795000068],[112.04789523400007,1.868893808000053],[112.05756492300009,1.875956346000066],[112.05682110100008,1.881532014000072],[112.05049861200007,1.897515497000029],[112.03971318900005,1.914985646000048],[112.02223336600002,1.929853718000061],[112.0084726550001,1.938774499000033],[111.97128154300009,1.949553713000057],[111.97053772000004,1.973713769000028],[111.96719052000009,1.990439756000058],[111.98355461000006,2.039129992000028],[111.97648829800005,2.078155455000058],[111.96793434300008,2.086332097000025],[111.95789274200007,2.089677075000054],[111.95119834200005,2.090420402000063],[111.93483425300008,2.08670376200007],[111.90917238500003,2.089677075000054],[111.89057682900005,2.083358778000047],[111.87272509500008,2.084845438000059],[111.86156776200005,2.082615447000023],[111.85636100600004,2.077783789000023],[111.84445985000008,2.072580448000053],[111.82846767200004,2.057713665000051],[111.80280580400006,2.06031536200004],[111.79536758200004,2.058457008000062],[111.78235069300007,2.04284674400003],[111.76896189200005,2.033183171000076],[111.74002720900006,1.999508887000047],[111.74367193600006,1.993413247000035],[111.74664722500006,1.957359308000036],[111.76561469200004,1.93171221800003],[111.76933380300005,1.913127128000042],[111.76858998100005,1.888594502000046],[111.78309451500007,1.863318100000072],[111.78160687000008,1.83692617600002],[111.77007762600005,1.819826974000023],[111.76747424800004,1.810905587000036],[111.77082144800005,1.794921326000065],[111.77602820300007,1.786371547000044],[111.78681362600008,1.780423851000023],[111.81842607100003,1.734328564000066],[111.83590589400006,1.72763721900003],[111.86640260600007,1.705704311000034],[111.88834536200005,1.697154127000033],[111.89206447400005,1.691577899000038],[111.88829887300005,1.673362110000028],[111.88132554000003,1.663487409000027],[111.87609554000005,1.643156987000054],[111.88771776200008,1.642576115000054],[111.89469109600009,1.639090878000047],[111.89759665200006,1.631539510000039],[111.89410998500006,1.603076408000049],[111.89527220700006,1.587392489000024],[111.88863794400004,1.581150863000062]]]}},{"type":"Feature","properties":{"state":"Sarawak","district":"Maradong"},"geometry":{"type":"Polygon","coordinates":[[[111.62303166200007,2.006627274000039],[111.63693344400008,1.999360213000045],[111.64176828800004,1.980404184000065],[111.66891780000009,1.981890939000039],[111.68714144500007,1.978917427000056],[111.69234820100007,1.980775873000027],[111.69420775700007,1.996386733000065],[111.71168757900006,1.997873474000073],[111.72172918000007,2.001962004000063],[111.73288651300004,2.003077056000052],[111.74002720900006,1.999508887000047],[111.76896189200005,2.033183171000076],[111.78235069300007,2.04284674400003],[111.79082503900008,2.053701217000025],[111.79127656000009,2.069978771000024],[111.77974731500007,2.095252022000068],[111.78718553700008,2.158061708000048],[111.78458215900008,2.161406530000022],[111.76152367000009,2.169954376000021],[111.75668882500008,2.175157389000049],[111.74887869200006,2.198570725000025],[111.72656402400008,2.210091438000063],[111.70796846800005,2.232760967000047],[111.70201789000004,2.246139542000037],[111.69867069000009,2.264349072000073],[111.68676953400006,2.278842207000025],[111.68676953400006,2.291105516000073],[111.68044704500005,2.295193262000055],[111.66780206700008,2.293335197000033],[111.63990873300008,2.267693654000027],[111.63172668800007,2.263234209000075],[111.61796597700004,2.263605830000074],[111.61127157600004,2.269551752000041],[111.60904011000008,2.278842207000025],[111.60271762100007,2.289247445000058],[111.58821308700004,2.292963584000063],[111.58784117600004,2.29816616100004],[111.58300633100004,2.303740330000039],[111.58598162000004,2.311915738000039],[111.57891530900008,2.318976280000072],[111.57965913100008,2.328266413000051],[111.57296473100007,2.329009621000068],[111.55883210800005,2.324550367000029],[111.55548490800004,2.329009621000068],[111.54953433000009,2.359109214000057],[111.54544330800007,2.362081979000038],[111.53354215200005,2.351677276000032],[111.52238481800003,2.347218094000027],[111.50973984000007,2.352420472000063],[111.50416117300006,2.351677276000032],[111.50007015100005,2.346474896000075],[111.49226001700004,2.343502099000034],[111.49040046200008,2.333468861000028],[111.48519370600008,2.325293577000025],[111.47663975000006,2.319347887000049],[111.47068917200005,2.307828040000061],[111.46436668300004,2.286274528000035],[111.45841610500008,2.276240886000039],[111.46139139400009,2.262862588000075],[111.46598821600008,2.254924740000035],[111.47884146400008,2.246600358000023],[111.49359889700008,2.222816148000049],[111.50978446900007,2.210686053000074],[111.51692516300005,2.201647879000063],[111.52977841100005,2.194036743000026],[111.54524991400007,2.186187717000053],[111.55667502400007,2.18428491700007],[111.55738909300004,2.189517612000031],[111.56286362500003,2.195463834000066],[111.58190547400005,2.195701682000049],[111.58999826000007,2.190231160000053],[111.59071233000009,2.185236318000022],[111.57976326600004,2.185949867000033],[111.57666896600006,2.182382115000053],[111.58785605200006,2.158596880000061],[111.59166442200006,2.123869770000056],[111.60213743900005,2.110073851000038],[111.60866819900008,2.057713665000051],[111.62428846600005,2.038386641000045],[111.62503228800006,2.01162576300004],[111.62303166200007,2.006627274000039]]]}},{"type":"Feature","properties":{"state":"Sarawak","district":"Kanowit"},"geometry":{"type":"Polygon","coordinates":[[[112.18071910700007,1.703254037000022],[112.20856083900003,1.70830653400003],[112.21488332800004,1.706447804000049],[112.22864403900007,1.696038882000039],[112.23942946200009,1.681168898000067],[112.2450081290001,1.682284151000033],[112.255049729,1.703102085000069],[112.29707568600008,1.729124187000025],[112.31306786400012,1.754030721000049],[112.3591848430001,1.754030721000049],[112.40121080000006,1.764439324000023],[112.40864902200008,1.767413200000021],[112.44993115700004,1.800125519000062],[112.45290644600004,1.812764213000037],[112.45104689000004,1.819083527000032],[112.44100529000002,1.826517985000066],[112.42947604500011,1.829120039000031],[112.4257569340001,1.83952821400004],[112.41869062300009,1.848077741000054],[112.41162431100008,1.850679763000073],[112.40083888900006,1.859600951000061],[112.38112759900002,1.867778668000028],[112.375920844,1.872982649000051],[112.37703657700001,1.87818661600005],[112.38373097700003,1.880045171000063],[112.4209220890001,1.875584634000063],[112.43096369000011,1.883018856000035],[112.43988955700001,1.897887204000028],[112.45885702400005,1.901975977000063],[112.46555142400007,1.920561188000022],[112.47447729100008,1.934685813000044],[112.47745258000009,1.953270667000027],[112.48972564700011,1.97334207800003],[112.49046946900012,1.981147562000046],[112.48749418000011,1.98932469600004],[112.47708066900009,1.99898852900003],[112.44658395700003,2.001962004000063],[112.43617044500002,2.013112490000026],[112.4205501780001,2.015342578000059],[112.40939284500007,2.02314786200003],[112.40344226700006,2.033554848000051],[112.40269844400007,2.04284674400003],[112.39637595500005,2.05325360300003],[112.39265684400004,2.069235434000063],[112.39972315500006,2.073695451000049],[112.41088048900008,2.06960710200002],[112.41385577800008,2.075553787000047],[112.41385577800008,2.092650383000034],[112.4209220890001,2.13613435700006],[112.41720297800009,2.163636408000059],[112.40307035500007,2.163636408000059],[112.3651354210001,2.169954376000021],[112.35546573200008,2.176643961000025],[112.34319266500006,2.178873816000021],[112.3045139080001,2.179988742000035],[112.26546324000003,2.190766320000023],[112.21042039400004,2.190023042000064],[112.18661808200011,2.191881238000065],[112.16467532600007,2.197455813000033],[112.14831123700003,2.209348169000066],[112.12785612500011,2.211949610000033],[112.11818643600009,2.205260182000075],[112.11335159100008,2.181103668000048],[112.10665719100007,2.172927529000049],[112.08620207900003,2.167724508000049],[112.07690430100001,2.159548296000025],[112.07056693600009,2.121253312000022],[112.05890380300002,2.092234120000057],[112.0524771790001,2.084384574000069],[112.03986195400012,2.077724322000051],[112.02534254300008,2.074869920000026],[112.01677371100004,2.076534988000049],[112.00082616200007,2.085336036000058],[111.98583070600006,2.083908842000028],[111.97648829800005,2.078155455000058],[111.98355461000006,2.039129992000028],[111.96719052000009,1.990439756000058],[111.97053772000004,1.973713769000028],[111.97128154300009,1.949553713000057],[112.0084726550001,1.938774499000033],[112.03190305600003,1.92204799600006],[112.04603567800007,1.905693036000059],[112.05384581200008,1.889709628000048],[112.05756492300009,1.875956346000066],[112.04789523400007,1.868893808000053],[112.03785363300005,1.855883795000068],[112.03450643300005,1.837669615000038],[112.04306038900006,1.832093809000071],[112.05458963400008,1.816853183000035],[112.07504474600012,1.806073151000021],[112.09178074600004,1.788601928000048],[112.10963248000007,1.775591334000069],[112.13008759200011,1.769271870000068],[112.1387577700001,1.770944672000041],[112.16200221500003,1.766878832000032],[112.1678133260001,1.761070475000054],[112.18873332700002,1.751196226000047],[112.19338221600003,1.744226136000066],[112.1945444380001,1.735513488000038],[112.18071910700007,1.703254037000022]]]}},{"type":"Feature","properties":{"state":"Sarawak","district":"Sibu"},"geometry":{"type":"Polygon","coordinates":[[[111.97648829800005,2.078155455000058],[111.98583070600006,2.083908842000028],[112.00082616200007,2.085336036000058],[112.01677371100004,2.076534988000049],[112.02534254300008,2.074869920000026],[112.03986195400012,2.077724322000051],[112.0524771790001,2.084384574000069],[112.05890380300002,2.092234120000057],[112.07056693600009,2.121253312000022],[112.07690430100001,2.159548296000025],[112.08620207900003,2.167724508000049],[112.10665719100007,2.172927529000049],[112.11335159100008,2.181103668000048],[112.11818643600009,2.205260182000075],[112.12636457500003,2.210917768000058],[112.11493221400008,2.229160809000064],[112.13120332500012,2.258194090000075],[112.15096110400009,2.277355739000029],[112.15502888100002,2.284323548000032],[112.15386665900007,2.30058163700005],[112.14921777000006,2.315678268000056],[112.1242299920001,2.333677887000022],[112.11783776900006,2.344709798000054],[112.1050533240001,2.355161002000045],[112.11725665800009,2.368515204000062],[112.11667554700011,2.378966229000071],[112.10853999100004,2.387094749000028],[112.08122776800008,2.39870683700002],[112.05391554500011,2.425414265000029],[112.03067110000006,2.435864854000044],[112.01556221100009,2.448057106000022],[112.01149443300005,2.467216134000068],[111.99754776600008,2.487536014000057],[111.99347998800005,2.500308350000068],[111.99392349200008,2.532930653000051],[111.96726490300006,2.540777718000072],[111.88014844100007,2.52912599800004],[111.84206474200005,2.52793704100003],[111.81540615300008,2.512004914000045],[111.78470117100005,2.49940175100005],[111.69425238600007,2.452792779000049],[111.60118534700007,2.443042736000052],[111.59690093100005,2.439000015000033],[111.59523476900006,2.431152345000044],[111.60094732400006,2.421402146000048],[111.59856709200005,2.411176252000075],[111.60166139300009,2.393340207000051],[111.59951918500008,2.386919173000024],[111.59071233000009,2.381925016000025],[111.59095035300004,2.376930840000057],[111.59380663000007,2.37336356000003],[111.59832906900004,2.372887923000064],[111.60642185500006,2.377406477000022],[111.61023022500007,2.375503929000047],[111.61023022500007,2.371223188000045],[111.60261348500006,2.351008400000069],[111.60011424300006,2.326036787000021],[111.59713895400006,2.32269234100005],[111.57965913100008,2.328266413000051],[111.57891530900008,2.318976280000072],[111.58598162000004,2.311915738000039],[111.58300633100004,2.303740330000039],[111.58784117600004,2.29816616100004],[111.58821308700004,2.292963584000063],[111.60271762100007,2.289247445000058],[111.60904011000008,2.278842207000025],[111.61127157600004,2.269551752000041],[111.61796597700004,2.263605830000074],[111.63172668800007,2.263234209000075],[111.63990873300008,2.267693654000027],[111.66780206700008,2.293335197000033],[111.68044704500005,2.295193262000055],[111.68676953400006,2.291105516000073],[111.68676953400006,2.278842207000025],[111.69867069000009,2.264349072000073],[111.70201789000004,2.246139542000037],[111.70796846800005,2.232760967000047],[111.72656402400008,2.210091438000063],[111.74887869200006,2.198570725000025],[111.75668882500008,2.175157389000049],[111.76152367000009,2.169954376000021],[111.78458215900008,2.161406530000022],[111.78718553700008,2.158061708000048],[111.77974731500007,2.095252022000068],[111.79127656000009,2.069978771000024],[111.79082503900008,2.053701217000025],[111.79536758200004,2.058457008000062],[111.80280580400006,2.06031536200004],[111.82846767200004,2.057713665000051],[111.84445985000008,2.072580448000053],[111.85636100600004,2.077783789000023],[111.86156776200005,2.082615447000023],[111.87272509500008,2.084845438000059],[111.89057682900005,2.083358778000047],[111.90917238500003,2.089677075000054],[111.93483425300008,2.08670376200007],[111.95119834200005,2.090420402000063],[111.95789274200007,2.089677075000054],[111.96793434300008,2.086332097000025],[111.97648829800005,2.078155455000058]]]}},{"type":"Feature","properties":{"state":"Sarawak","district":"Song"},"geometry":{"type":"Polygon","coordinates":[[[112.14573110300012,1.473535358000049],[112.20966285400004,1.45077464700006],[112.24626332900004,1.46017418100007],[112.27357555200001,1.470630761000052],[112.28810333000001,1.483991874000026],[112.30146888600007,1.490381943000045],[112.3130911080001,1.503162026000041],[112.35028222100004,1.502581115000055],[112.3659722210001,1.510713858000031],[112.38514888800012,1.509552040000074],[112.38921666600004,1.518265664000069],[112.42757000100005,1.525236538000058],[112.43919222300008,1.533950099000037],[112.44267889000002,1.552538910000067],[112.4868433360001,1.579260039000076],[112.49730333600007,1.580421820000026],[112.50485778100006,1.576355585000044],[112.52694000400004,1.575193802000058],[112.53914333700004,1.571127558000057],[112.59493000600003,1.570546665000052],[112.63560778500005,1.566480411000043],[112.6443244510001,1.571708450000074],[112.65536556300003,1.572870235000039],[112.670474452,1.558347880000042],[112.6902322310001,1.555443397000033],[112.72045000900005,1.566480411000043],[112.73032889800004,1.567642199000034],[112.73962667700005,1.559509672000047],[112.75008667700001,1.557766984000068],[112.76693890000001,1.565318623000053],[112.78321001100005,1.560090568000021],[112.7919266780001,1.553119808000019],[112.79367001100002,1.546149024000044],[112.80296779000003,1.54034002100002],[112.82853667900008,1.543825425000023],[112.83376667900006,1.539178218000075],[112.84248334600011,1.539759120000042],[112.8523622350001,1.555443397000033],[112.85933556900011,1.559509672000047],[112.87212001400007,1.576936476000071],[112.88490445900004,1.586811600000033],[112.89885112600007,1.593782248000025],[112.90175668100005,1.615274929000066],[112.9273255710001,1.62514986900004],[112.9319744600001,1.632120385000064],[112.9319744600001,1.639671751000037],[112.92616334900003,1.65187005100006],[112.92325779300006,1.680332458000066],[112.91686557100002,1.68846449800003],[112.88839112500011,1.70356676900002],[112.878512236,1.705890184000054],[112.85817334700005,1.701824205000037],[112.84597001300006,1.702405060000046],[112.87560668100002,1.712279563000038],[112.90814890400009,1.71518381900006],[112.92209557100011,1.720992318000071],[112.93601899300006,1.732098119000057],[112.9418533490001,1.74654950200005],[112.94011001600006,1.767459667000026],[112.93313668200005,1.777333830000032],[112.89768890300002,1.799986121000074],[112.863984458,1.841804994000029],[112.84676032400012,1.87707148100003],[112.80882539000004,1.936544308000066],[112.80213098900003,1.952898972000071],[112.79171747800001,1.966651635000062],[112.7827916110001,1.970368551000035],[112.7798163220001,1.980775873000027],[112.7764691220001,1.984492758000044],[112.76828707700008,1.986722885000063],[112.65671374100009,1.984492758000044],[112.65076316300008,2.189651402000038],[112.63402716200005,2.19336779300005],[112.609481028,2.192252877000044],[112.59646413900009,2.200800548000075],[112.58493489400007,2.198570725000025],[112.56931462700004,2.189651402000038],[112.54997524900011,2.184076798000035],[112.52580102600007,2.188536483000064],[112.47559302400009,2.184076798000035],[112.41720297800009,2.163636408000059],[112.4209220890001,2.13613435700006],[112.41385577800008,2.092650383000034],[112.41385577800008,2.075553787000047],[112.41088048900008,2.06960710200002],[112.39972315500006,2.073695451000049],[112.39265684400004,2.069235434000063],[112.39637595500005,2.05325360300003],[112.40269844400007,2.04284674400003],[112.40344226700006,2.033554848000051],[112.40939284500007,2.02314786200003],[112.4205501780001,2.015342578000059],[112.43617044500002,2.013112490000026],[112.44658395700003,2.001962004000063],[112.47708066900009,1.99898852900003],[112.48749418000011,1.98932469600004],[112.49046946900012,1.981147562000046],[112.48972564700011,1.97334207800003],[112.47745258000009,1.953270667000027],[112.47447729100008,1.934685813000044],[112.46555142400007,1.920561188000022],[112.45885702400005,1.901975977000063],[112.43988955700001,1.897887204000028],[112.43096369000011,1.883018856000035],[112.4209220890001,1.875584634000063],[112.38373097700003,1.880045171000063],[112.37703657700001,1.87818661600005],[112.375920844,1.872982649000051],[112.38112759900002,1.867778668000028],[112.40083888900006,1.859600951000061],[112.41162431100008,1.850679763000073],[112.41869062300009,1.848077741000054],[112.4257569340001,1.83952821400004],[112.42947604500011,1.829120039000031],[112.44100529000002,1.826517985000066],[112.45104689000004,1.819083527000032],[112.45290644600004,1.812764213000037],[112.44993115700004,1.800125519000062],[112.40864902200008,1.767413200000021],[112.40121080000006,1.764439324000023],[112.3591848430001,1.754030721000049],[112.31306786400012,1.754030721000049],[112.29707568600008,1.729124187000025],[112.255049729,1.703102085000069],[112.2450081290001,1.682284151000033],[112.23942946200009,1.681168898000067],[112.22864403900007,1.696038882000039],[112.21488332800004,1.706447804000049],[112.20856083900003,1.70830653400003],[112.18071910700007,1.703254037000022],[112.177111104,1.672200384000064],[112.17304332600008,1.660583076000023],[112.16839443700007,1.653031790000057],[112.16025888200011,1.646061346000067],[112.15154221500006,1.641995242000064],[112.1265544360001,1.637348257000042],[112.10330999100006,1.62979688300004],[112.07192999000006,1.631539510000039],[112.06960554600005,1.623988114000042],[112.06960554600005,1.608885237000038],[112.06495665700004,1.602495524000062],[112.03822554500005,1.589716040000042],[112.02137332200004,1.578679149000038],[112.0225355440001,1.570546665000052],[112.01672443300004,1.544406325000068],[112.01846776600007,1.524074727000027],[112.02369776600005,1.515361126000073],[112.04345554500003,1.495610168000042],[112.04519887800006,1.477601787000026],[112.04810443400004,1.471211680000067],[112.06030776700004,1.465402477000055],[112.09226888,1.463078792000033],[112.11260776900008,1.47237351900003],[112.12481110300007,1.464821556000061],[112.13701443600007,1.466564319000042],[112.14050110300002,1.471792600000072],[112.14573110300012,1.473535358000049]]]}},{"type":"Feature","properties":{"state":"Sarawak","district":"Selangau"},"geometry":{"type":"Polygon","coordinates":[[[112.41720297800009,2.163636408000059],[112.45513791300004,2.178502174000073],[112.48786609100011,2.186306642000034],[112.52580102600007,2.188536483000064],[112.54997524900011,2.184076798000035],[112.56931462700004,2.189651402000038],[112.58493489400007,2.198570725000025],[112.59646413900009,2.200800548000075],[112.609481028,2.192252877000044],[112.62733276200004,2.19336779300005],[112.62919231800004,2.200800548000075],[112.64109347400006,2.212692877000052],[112.68683854200003,2.216409211000041],[112.69688014200005,2.223098588000028],[112.70952512000008,2.238335388000053],[112.69464867500005,2.24539629100002],[112.69241720800005,2.248369293000053],[112.69539249700006,2.25282878400003],[112.74225329900003,2.244281414000056],[112.77089045500009,2.233132596000075],[112.77572530000009,2.233132596000075],[112.793205123,2.247254418000068],[112.79952761200002,2.257288261000042],[112.79878378900003,2.275126033000049],[112.80436245600004,2.28330160400003],[112.80436245600004,2.289247445000058],[112.80213098900003,2.294821649000028],[112.790973656,2.301510665000023],[112.68274751900003,2.304483551000033],[112.67605311900002,2.308199649000073],[112.67084636300001,2.320462705000068],[112.66712725200011,2.338671290000036],[112.65262271800009,2.372486603000027],[112.65187889600008,2.384005917000025],[112.6596890300001,2.393667203000064],[112.67159018600012,2.396639893000042],[112.68311943000003,2.405186339000068],[112.70097116400007,2.449032481000074],[112.71287232000009,2.462780553000073],[112.7184509870001,2.466124658000069],[112.7206824540001,2.47541379200004],[112.71696334300009,2.494363424000028],[112.71770716500009,2.504767027000071],[112.75229489900005,2.544151346000035],[112.75006343200005,2.553811468000049],[112.73704654300002,2.563099978000025],[112.72774876500011,2.582419863000041],[112.73518698700002,2.602110981000067],[112.732955521,2.612513712000066],[112.7206824540001,2.623287878000042],[112.7221700980001,2.63629105900003],[112.72960832100011,2.653380747000028],[112.7262611210001,2.672327733000031],[112.73221169900012,2.674185265000062],[112.74671623200004,2.668241153000054],[112.77312192200009,2.636662576000049],[112.80733774500004,2.629603726000028],[112.83634681300009,2.642235325000058],[112.85531428000002,2.658210398000051],[112.85643001300002,2.666012103000071],[112.84824796900011,2.676414299000044],[112.8393221020001,2.675671288000046],[112.8348591680001,2.678271825000024],[112.81700743400006,2.701676408000026],[112.80882539000004,2.694989430000021],[112.80287481200003,2.695360930000049],[112.79022983400012,2.70093341200004],[112.74739995400012,2.709330426000065],[112.72317872100007,2.725003269000069],[112.71525731200006,2.739762945000052],[112.71967502100006,2.753609485000027],[112.74404858800006,2.757109135000064],[112.759129733,2.762891142000058],[112.77025017300002,2.781302083000071],[112.78213228700008,2.77612879000003],[112.79569008400006,2.786779663000061],[112.79462374000002,2.791952909000031],[112.79020603100003,2.795756752000045],[112.74602894100008,2.804277316000025],[112.74938030600003,2.818427401000065],[112.74846629700005,2.834250948000033],[112.73262347900004,2.845966320000059],[112.71403863300009,2.850835011000072],[112.70154718000003,2.844901291000042],[112.69971916300005,2.849922133000064],[112.5927801360001,2.843836261000035],[112.57617564300006,2.846727054000041],[112.57434762600008,2.838511097000037],[112.56612154700008,2.830142933000047],[112.56535987300003,2.826339202000042],[112.56810189900011,2.814775783000073],[112.578613,2.812037062000059],[112.583335379,2.807168208000064],[112.57526163500006,2.794995985000071],[112.58165969600009,2.777193881000073],[112.57175793400006,2.769738220000022],[112.5760233090001,2.754370280000046],[112.56383652500006,2.758935035000036],[112.56094216400004,2.754674597000076],[112.55820013800007,2.75558755000003],[112.55728612900009,2.762282511000024],[112.55393476300003,2.764412719000063],[112.55241141500005,2.769890377000024],[112.54418533600006,2.765477821000047],[112.5405293010001,2.760000142000024],[112.54266198800008,2.750261985000066],[112.52514348700004,2.745392876000039],[112.52148745200009,2.738545659000067],[112.51326137300009,2.737480533000053],[112.50777732000006,2.739762945000052],[112.50655864200007,2.734437310000033],[112.51036701200007,2.729263813000046],[112.50975767300008,2.726829218000034],[112.49788444700005,2.727286262000064],[112.34330888700003,2.601901997000027],[112.26253444000008,2.576939733000074],[112.21313999400002,2.575778685000046],[112.21720777200005,2.568812378000075],[112.21778888300003,2.544430005000038],[112.2113966610001,2.515402769000048],[112.08297110100011,2.524111008000034],[112.07076776800011,2.529335923000076],[112.06030776700004,2.528174833000037],[112.04694221200009,2.530497013000058],[112.0178866550001,2.527013741000076],[112.0056833210001,2.540946771000051],[111.99392349200008,2.532930653000051],[111.99347998800005,2.500308350000068],[111.99754776600008,2.487536014000057],[112.01149443300005,2.467216134000068],[112.01556221100009,2.448057106000022],[112.03067110000006,2.435864854000044],[112.05391554500011,2.425414265000029],[112.08122776800008,2.39870683700002],[112.10853999100004,2.387094749000028],[112.11667554700011,2.378966229000071],[112.11725665800009,2.368515204000062],[112.1050533240001,2.355161002000045],[112.11783776900006,2.344709798000054],[112.1242299920001,2.333677887000022],[112.14921777000006,2.315678268000056],[112.15386665900007,2.30058163700005],[112.15502888100002,2.284323548000032],[112.15096110400009,2.277355739000029],[112.13120332500012,2.258194090000075],[112.11493221400008,2.229160809000064],[112.12636457500003,2.210917768000058],[112.14831123700003,2.209348169000066],[112.16467532600007,2.197455813000033],[112.18661808200011,2.191881238000065],[112.21042039400004,2.190023042000064],[112.26546324000003,2.190766320000023],[112.3045139080001,2.179988742000035],[112.34319266500006,2.178873816000021],[112.35546573200008,2.176643961000025],[112.3651354210001,2.169954376000021],[112.40307035500007,2.163636408000059],[112.41720297800009,2.163636408000059]]]}},{"type":"Feature","properties":{"state":"Sarawak","district":"Dalat"},"geometry":{"type":"Polygon","coordinates":[[[111.99392349200008,2.532930653000051],[112.0056833210001,2.540946771000051],[112.0178866550001,2.527013741000076],[112.04694221200009,2.530497013000058],[112.06030776700004,2.528174833000037],[112.07076776800011,2.529335923000076],[112.08297110100011,2.524111008000034],[112.2113966610001,2.515402769000048],[112.21778888300003,2.544430005000038],[112.21720777200005,2.568812378000075],[112.21313999400002,2.575778685000046],[112.18931443800011,2.57926182500006],[112.17652999300003,2.588550149000071],[112.17071888200007,2.61641471400003],[112.16316443700009,2.632088260000046],[112.15909665900006,2.654727478000041],[112.14456888100005,2.677946758000076],[112.13120332500012,2.688395291000063],[112.0736733230001,2.722062175000076],[112.03299554400007,2.758630310000058],[111.98593274258411,2.890362101903713],[111.96442443100005,2.884578520000048],[111.89062331800005,2.876453244000061],[111.87377109500005,2.876453244000061],[111.86679776200003,2.879355135000026],[111.77788775900007,2.860782904000075],[111.79415887100004,2.840469183000039],[111.80752442700009,2.814351016000046],[111.82553887200004,2.795777740000062],[111.84297220500008,2.78184759100003],[111.84703998300006,2.765015108000057],[111.84762109500008,2.747601943000063],[111.83948553900007,2.715096689000063],[111.84355331700004,2.698263267000073],[111.85749998400007,2.689556234000065],[111.85749998400007,2.673302937000074],[111.88539331800007,2.662854276000076],[111.91328665200007,2.659951854000042],[111.92607109700003,2.653566503000036],[111.93071998600004,2.637893227000063],[111.94524776400004,2.607126594000022],[111.94699109700008,2.578681302000064],[111.97139776500006,2.560104441000021],[111.99392349200008,2.532930653000051]]]}},{"type":"Feature","properties":{"state":"Sarawak","district":"Kapit"},"geometry":{"type":"Polygon","coordinates":[[[112.939672169,1.768079654000076],[112.97655730600002,1.77856519200003],[112.99998770600007,1.797523424000076],[113.02788104100011,1.80198415600006],[113.03866646300003,1.806073151000021],[113.05837775300006,1.823544206000065],[113.08180815300011,1.851794914000038],[113.09370930900002,1.861831241000061],[113.12532175500007,1.86592009900005],[113.24916815800009,1.866663527000071],[113.26037488600002,1.873749306000036],[113.26945474800004,1.885546775000023],[113.26854676200003,1.900066626000068],[113.26128287300003,1.909141471000055],[113.24221516400007,1.921846174000052],[113.2222394690001,1.928198490000057],[113.19499988400003,1.932735844000035],[113.18501203700009,1.946347833000061],[113.17684016200008,1.969941687000073],[113.16049641100005,1.984460816000023],[113.143244675,1.993535207000036],[113.12871689600001,2.010776411000052],[113.12417696600005,2.027110016000051],[113.1349914440001,2.058457008000062],[113.1409420220001,2.087818755000058],[113.15135553300001,2.10008362700006],[113.15693420000002,2.121268178000037],[113.15395891100002,2.126471357000071],[113.1413139330001,2.132417826000051],[113.1364790880001,2.141709137000021],[113.1357352660001,2.156575118000035],[113.1383386440001,2.162893115000031],[113.16437242200004,2.162521469000069],[113.17924886700007,2.149513795000075],[113.1941253120001,2.144310694000069],[113.21495233500002,2.144682345000035],[113.28301207000004,2.153230285000063],[113.29714469300006,2.174785746000055],[113.29602896000006,2.195969261000073],[113.29156602600005,2.211577975000068],[113.29751660400007,2.224956743000064],[113.40276745200003,2.228301415000033],[113.42024727400008,2.234247482000058],[113.44293385300011,2.25617339300004],[113.50615874400012,2.29036228800004],[113.52326665500004,2.304111940000041],[113.54149030000008,2.307828040000061],[113.63372425900002,2.31674663900003],[113.70475928300004,2.309314477000044],[113.71368515000006,2.318604673000038],[113.71405706100006,2.336813282000037],[113.71108177200006,2.348704490000046],[113.69880870500003,2.364311548000046],[113.686163727,2.374344563000022],[113.68541990500012,2.419306438000035],[113.6727749260001,2.43119693400007],[113.66273332600008,2.435655843000063],[113.66384905900009,2.441972606000036],[113.6764940380001,2.463895256000058],[113.6720311040001,2.476156920000051],[113.65715465900007,2.483959738000067],[113.63967483700003,2.483588176000069],[113.61029385800009,2.453119761000039],[113.57942523500003,2.442715752000026],[113.56008585600011,2.421907493000049],[113.53665545600006,2.415962218000061],[113.51991945500004,2.440486311000029],[113.50504301,2.446431479000069],[113.48198452100007,2.442344179000031],[113.46673616500004,2.436770568000043],[113.43995856400011,2.407044256000063],[113.42322256300008,2.394410376000053],[113.40499891800005,2.387350216000073],[113.37970896200011,2.389208156000052],[113.3745022060001,2.395525135000071],[113.35255945000006,2.40853058700003],[113.34772460600004,2.414475895000066],[113.34214593900003,2.434169542000063],[113.33470771600003,2.443458898000074],[113.327269494,2.476528484000028],[113.33507962800002,2.488046910000037],[113.35627856100007,2.500308350000068],[113.36520442800008,2.514055889000076],[113.36817971700009,2.524087786000052],[113.37747749500011,2.53077567400004],[113.42099109700007,2.543779802000074],[113.46413278700004,2.547866786000043],[113.47863732100006,2.563843056000053],[113.47640585400006,2.573503029000051],[113.46450469800004,2.583905995000066],[113.4373551860001,2.577589919000047],[113.42619785200009,2.577218384000048],[113.41950345200007,2.579076057000066],[113.41504051900006,2.583162929000025],[113.41206523000005,2.591708164000067],[113.40425509600004,2.592451225000048],[113.390122474,2.577589919000047],[113.3785932290001,2.569416126000021],[113.36966736200009,2.566072287000054],[113.33247625000001,2.566072287000054],[113.32466611600012,2.564214595000067],[113.22276246900003,2.53189031900007],[113.10932957600005,2.466867791000027],[113.0788328640001,2.473555970000064],[113.06395641900008,2.457578597000065],[113.04461704100004,2.453862901000036],[113.031228241,2.443458898000074],[113.02341810700011,2.427109588000064],[113.02490575200011,2.416333798000039],[113.03085633,2.405186339000068],[113.03271588500002,2.365797925000038],[113.03085633,2.351677276000032],[113.02564957400011,2.346474896000075],[112.99626859500006,2.330124432000048],[112.99403712900005,2.318233067000051],[112.99478095100005,2.305226771000036],[112.99106184000004,2.297051325000041],[112.97916068400002,2.29036228800004],[112.92188637100003,2.277727356000071],[112.90886948200011,2.274011178000023],[112.90217508100011,2.26918013300002],[112.90626610400011,2.236105623000071],[112.90254699200011,2.220497167000076],[112.88618290300008,2.185935002000065],[112.87651321400006,2.173299172000043],[112.86833116900004,2.167352863000076],[112.86386823600003,2.170326020000061],[112.85494236900001,2.187049923000075],[112.84527268000011,2.185935002000065],[112.8393221020001,2.177387246000023],[112.8352310790001,2.154716878000045],[112.82742094600007,2.151372041000059],[112.80622201200003,2.152486987000032],[112.77386574400009,2.16103488400006],[112.71101276500008,2.172555885000065],[112.69539249700006,2.182218592000027],[112.65076316300008,2.189651402000038],[112.65671374100009,1.984492758000044],[112.75117916600004,1.986722885000063],[112.76828707700008,1.986722885000063],[112.7764691220001,1.984492758000044],[112.7798163220001,1.980775873000027],[112.7827916110001,1.970368551000035],[112.79171747800001,1.966651635000062],[112.80213098900003,1.952898972000071],[112.80399054500003,1.945093357000076],[112.84676032400012,1.87707148100003],[112.863984458,1.841804994000029],[112.89768890300002,1.799986121000074],[112.93313668200005,1.777333830000032],[112.939672169,1.768079654000076]]]}},{"type":"Feature","properties":{"state":"Sarawak","district":"Tatau"},"geometry":{"type":"Polygon","coordinates":[[[112.62733276200004,2.19336779300005],[112.69539249700006,2.182218592000027],[112.71101276500008,2.172555885000065],[112.77386574400009,2.16103488400006],[112.80622201200003,2.152486987000032],[112.82742094600007,2.151372041000059],[112.8352310790001,2.154716878000045],[112.8393221020001,2.177387246000023],[112.84527268000011,2.185935002000065],[112.85494236900001,2.187049923000075],[112.86386823600003,2.170326020000061],[112.86833116900004,2.167352863000076],[112.87651321400006,2.173299172000043],[112.88618290300008,2.185935002000065],[112.90254699200011,2.220497167000076],[112.90626610400011,2.236105623000071],[112.90217508100011,2.26918013300002],[112.90886948200011,2.274011178000023],[112.92188637100003,2.277727356000071],[112.97916068400002,2.29036228800004],[112.99106184000004,2.297051325000041],[112.99478095100005,2.305226771000036],[112.99403712900005,2.318233067000051],[112.99626859500006,2.330124432000048],[113.02564957400011,2.346474896000075],[113.03085633,2.351677276000032],[113.03271588500002,2.365797925000038],[113.03085633,2.405186339000068],[113.02490575200011,2.416333798000039],[113.02341810700011,2.427109588000064],[113.031228241,2.443458898000074],[113.04461704100004,2.453862901000036],[113.06395641900008,2.457578597000065],[113.0788328640001,2.473555970000064],[113.10932957600005,2.466867791000027],[113.22276246900003,2.53189031900007],[113.32466611600012,2.564214595000067],[113.33247625000001,2.566072287000054],[113.36966736200009,2.566072287000054],[113.3785932290001,2.569416126000021],[113.390122474,2.577589919000047],[113.40425509600004,2.592451225000048],[113.41206523000005,2.591708164000067],[113.41504051900006,2.583162929000025],[113.41950345200007,2.579076057000066],[113.42619785200009,2.577218384000048],[113.4373551860001,2.577589919000047],[113.46450469800004,2.583905995000066],[113.47268674300005,2.577589919000047],[113.47863732100006,2.569044589000043],[113.47863732100006,2.563843056000053],[113.46654571600004,2.549721050000073],[113.4689211430001,2.540946771000051],[113.48054336500002,2.540946771000051],[113.49681447700004,2.559523910000053],[113.50495003300011,2.578100779000067],[113.51192336600002,2.582164433000059],[113.52819447800005,2.585067036000055],[113.5415600340001,2.593194286000028],[113.594441146,2.648342100000036],[113.6019955910001,2.651825038000027],[113.61071225800004,2.648342100000036],[113.6264022580001,2.63034676500007],[113.63802448100012,2.628024767000056],[113.64383559200007,2.633249256000056],[113.65139003700006,2.647761609000042],[113.64906559200006,2.657629912000061],[113.65662003700004,2.697682800000052],[113.66243114800011,2.705228850000026],[113.686256705,2.714516230000072],[113.69439226000009,2.726705809000066],[113.698460038,2.742958389000023],[113.69090559400001,2.748182386000053],[113.68800003800004,2.754567239000039],[113.70485226100004,2.767336844000056],[113.71008226100003,2.791134376000059],[113.70775781600003,2.805644830000062],[113.70310892700002,2.812609784000074],[113.68277003800006,2.80680565800003],[113.65894448200004,2.776623743000073],[113.64674114800005,2.780106311000054],[113.64441670300005,2.791714797000054],[113.6333755920001,2.792875640000034],[113.61768559100005,2.784169294000037],[113.59095448000005,2.760952059000033],[113.55957447900005,2.747021499000027],[113.54330336700002,2.742958389000023],[113.509598922,2.754567239000039],[113.48161261000007,2.751827561000027],[113.45483500900002,2.745883830000025],[113.44367767500012,2.736968178000041],[113.40165171800004,2.732138839000072],[113.39049438500001,2.723966067000049],[113.3756179400001,2.718393691000074],[113.34995607200005,2.714307265000059],[113.33582345000002,2.715793240000039],[113.325781849,2.724709049000069],[113.24396140300007,2.745140861000039],[113.23987038000007,2.755170896000038],[113.24135802500007,2.76482936900004],[113.25028389200008,2.774116287000027],[113.27408620300002,2.782660188000023],[113.28375589300003,2.788232263000054],[113.28859073700005,2.79454725100004],[113.29045029300005,2.803833935000057],[113.28301207000004,2.825378758000056],[113.29082220400005,2.843208654000023],[113.27259855900002,2.858438139000043],[113.23838273600006,2.872924534000049],[113.23020069100005,2.887039307000066],[113.21978718000003,2.917868331000022],[113.20677029,2.926411164000058],[113.146148777,2.927896868000062],[113.11899926600006,2.933096815000056],[113.10189135400003,2.947210834000032],[113.08813064200001,2.94795367200004],[113.0758575750001,2.944610896000029],[113.06618788600008,2.936439625000048],[113.05503055300005,2.933839662000025],[113.04610468600004,2.939039581000031],[113.028624863,2.960581845000036],[113.0178394400001,2.96689587700007],[112.99403712900005,2.96652446500002],[112.966515705,2.928639719000046],[112.9587055720001,2.921582614000044],[112.94606059400007,2.916011185000059],[112.93192797100005,2.91898261700004],[112.92709312700003,2.92455403200006],[112.92560548200004,2.93235396700004],[112.92783694900004,2.93792531500003],[112.93601899300006,2.944610896000029],[112.94122574900007,2.964667399000064],[112.93750663800006,2.978038200000071],[112.92523357100004,2.998836899000025],[112.93044032700004,3.018521018000058],[112.926974115,3.035991304000049],[112.90674215000001,3.040269698000031],[112.89603111000008,3.04811337700005],[112.88603413900012,3.069267256000046],[112.8779413530001,3.09921472700006],[112.80010779300005,3.084954132000064],[112.7851123370001,3.087568588000067],[112.75226514600001,3.074971601000072],[112.72703469600003,3.069504938000023],[112.72870085800002,3.036466682000025],[112.73203318100002,3.019115250000027],[112.72989097300001,3.007468244000052],[112.73322329700011,2.993444131000047],[112.72893888100009,2.968485522000037],[112.73369934300001,2.960165860000075],[112.72846283400008,2.942575513000065],[112.73155713500012,2.940436127000055],[112.73203318100002,2.933067101000063],[112.72751074200005,2.916189471000052],[112.72536853400004,2.915000896000038],[112.72584458000006,2.917853474000026],[112.72298830300008,2.918804332000036],[112.71703772500007,2.894319490000044],[112.70370843,2.877679004000072],[112.69971916300005,2.847183495000024],[112.70352753300006,2.845053438000036],[112.71403863300009,2.850835011000072],[112.72500673900004,2.849009254000066],[112.73795519600003,2.843227672000069],[112.74846629700005,2.834250948000033],[112.74938030600003,2.818427401000065],[112.74602894100008,2.804277316000025],[112.79020603100003,2.795756752000045],[112.79462374000002,2.791952909000031],[112.79569008400006,2.786779663000061],[112.78213228700008,2.77612879000003],[112.77025017300002,2.781302083000071],[112.759129733,2.762891142000058],[112.74404858800006,2.757109135000064],[112.71967502100006,2.753609485000027],[112.71525731200006,2.739762945000052],[112.72317872100007,2.725003269000069],[112.74739995400012,2.709330426000065],[112.79022983400012,2.70093341200004],[112.80287481200003,2.695360930000049],[112.80882539000004,2.694989430000021],[112.81700743400006,2.701676408000026],[112.8348591680001,2.678271825000024],[112.8393221020001,2.675671288000046],[112.84824796900011,2.676414299000044],[112.85643001300002,2.666012103000071],[112.85531428000002,2.658210398000051],[112.84527268000011,2.647808048000059],[112.80733774500004,2.629603726000028],[112.77312192200009,2.636662576000049],[112.74671623200004,2.668241153000054],[112.73221169900012,2.674185265000062],[112.7262611210001,2.672327733000031],[112.72960832100011,2.653380747000028],[112.7221700980001,2.63629105900003],[112.7206824540001,2.623287878000042],[112.732955521,2.612513712000066],[112.73518698700002,2.602110981000067],[112.72774876500011,2.582419863000041],[112.73704654300002,2.563099978000025],[112.75006343200005,2.553811468000049],[112.75229489900005,2.544151346000035],[112.71770716500009,2.504767027000071],[112.71696334300009,2.494363424000028],[112.7206824540001,2.47541379200004],[112.7184509870001,2.466124658000069],[112.71287232000009,2.462780553000073],[112.70097116400007,2.449032481000074],[112.68311943000003,2.405186339000068],[112.67159018600012,2.396639893000042],[112.6596890300001,2.393667203000064],[112.65187889600008,2.384005917000025],[112.65262271800009,2.372486603000027],[112.66712725200011,2.338671290000036],[112.67084636300001,2.320462705000068],[112.67605311900002,2.308199649000073],[112.68274751900003,2.304483551000033],[112.790973656,2.301510665000023],[112.80213098900003,2.294821649000028],[112.80436245600004,2.28330160400003],[112.79878378900003,2.275126033000049],[112.79952761200002,2.257288261000042],[112.793205123,2.247254418000068],[112.77572530000009,2.233132596000075],[112.77089045500009,2.233132596000075],[112.74225329900003,2.244281414000056],[112.69539249700006,2.25282878400003],[112.69241720800005,2.248369293000053],[112.69464867500005,2.24539629100002],[112.70952512000008,2.238335388000053],[112.69688014200005,2.223098588000028],[112.68683854200003,2.216409211000041],[112.64109347400006,2.212692877000052],[112.62919231800004,2.200800548000075],[112.62733276200004,2.19336779300005]]]}},{"type":"Feature","properties":{"state":"Sarawak","district":"Mukah"},"geometry":{"type":"MultiPolygon","coordinates":[[[[111.98567758000007,2.890303007000057],[111.98593274258411,2.890362101903713],[111.98592554300006,2.890382254000031],[111.98567758000007,2.890303007000057]]],[[[112.69971916300005,2.849922133000064],[112.70370843,2.877679004000072],[112.71703772500007,2.894319490000044],[112.72298830300008,2.918804332000036],[112.72584458000006,2.917853474000026],[112.72536853400004,2.915000896000038],[112.72751074200005,2.916189471000052],[112.73203318100002,2.933067101000063],[112.73155713500012,2.940436127000055],[112.72846283400008,2.942575513000065],[112.73369934300001,2.960165860000075],[112.72893888100009,2.968485522000037],[112.73322329700011,2.993444131000047],[112.72989097300001,3.007468244000052],[112.73203318100002,3.019115250000027],[112.72870085800002,3.036466682000025],[112.72703469600003,3.069504938000023],[112.56616273500003,3.024741597000059],[111.98593274258411,2.890362101903713],[112.03299554400007,2.758630310000058],[112.0736733230001,2.722062175000076],[112.13120332500012,2.688395291000063],[112.14456888100005,2.677946758000076],[112.15909665900006,2.654727478000041],[112.16316443700009,2.632088260000046],[112.17071888200007,2.61641471400003],[112.17652999300003,2.588550149000071],[112.18931443800011,2.57926182500006],[112.21313999400002,2.575778685000046],[112.26253444000008,2.576939733000074],[112.34330888700003,2.601901997000027],[112.49788444700005,2.727286262000064],[112.50975767300008,2.726829218000034],[112.51036701200007,2.729263813000046],[112.50655864200007,2.734437310000033],[112.50777732000006,2.739762945000052],[112.51326137300009,2.737480533000053],[112.52148745200009,2.738545659000067],[112.52514348700004,2.745392876000039],[112.54266198800008,2.750261985000066],[112.5405293010001,2.760000142000024],[112.54418533600006,2.765477821000047],[112.55241141500005,2.769890377000024],[112.55393476300003,2.764412719000063],[112.55728612900009,2.762282511000024],[112.55820013800007,2.75558755000003],[112.56094216400004,2.754674597000076],[112.56383652500006,2.758935035000036],[112.5760233090001,2.754370280000046],[112.57175793400006,2.769738220000022],[112.58165969600009,2.777193881000073],[112.57526163500006,2.794995985000071],[112.583335379,2.807168208000064],[112.578613,2.812037062000059],[112.56810189900011,2.814775783000073],[112.56535987300003,2.826339202000042],[112.56612154700008,2.830142933000047],[112.57434762600008,2.838511097000037],[112.57617564300006,2.846727054000041],[112.5927801360001,2.843836261000035],[112.69971916300005,2.849922133000064]]]]}},{"type":"Feature","properties":{"state":"Sarawak","district":"Matu"},"geometry":{"type":"Polygon","coordinates":[[[111.99201705151562,2.533491823207137],[111.97139776500006,2.560104441000021],[111.94699109700008,2.578681302000064],[111.94524776400004,2.607126594000022],[111.93071998600004,2.637893227000063],[111.92607109700003,2.653566503000036],[111.91328665200007,2.659951854000042],[111.88539331800007,2.662854276000076],[111.85749998400007,2.673302937000074],[111.85749998400007,2.689556234000065],[111.84355331700004,2.698263267000073],[111.83948553900007,2.715096689000063],[111.84762109500008,2.747601943000063],[111.84703998300006,2.765015108000057],[111.84297220500008,2.78184759100003],[111.82553887200004,2.795777740000062],[111.80752442700009,2.814351016000046],[111.79415887100004,2.840469183000039],[111.77788775900007,2.860782904000075],[111.66776720000007,2.839925060000041],[111.65596338000006,2.841738801000076],[111.64688351900008,2.851714323000067],[111.63780365800005,2.848993734000032],[111.62599983800004,2.839018189000058],[111.60693212900009,2.800928952000049],[111.59966824000009,2.795487531000049],[111.56970469700008,2.777349278000031],[111.47981407000009,2.742885833000059],[111.47709011100005,2.733816340000033],[111.48072205600005,2.729281568000033],[111.47799809700007,2.722932858000036],[111.43986268000003,2.708421395000073],[111.43259879100009,2.702072575000045],[111.42987483200005,2.694816741000068],[111.43096441500006,2.674463894000041],[111.45478997200007,2.659951854000042],[111.46757441700004,2.645439644000021],[111.51115775100004,2.606546085000048],[111.53846997400007,2.586808594000047],[111.56984997500007,2.551396444000034],[111.57449886400008,2.540946771000051],[111.57624219800005,2.515402769000048],[111.59135108700008,2.495663879000062],[111.59135108700008,2.477666397000064],[111.58843682900005,2.467517586000042],[111.57944907600006,2.46021227600005],[111.58021075000005,2.45777716300006],[111.58508546300004,2.452298144000054],[111.59544422900007,2.450623995000058],[111.60806871600005,2.443798463000064],[111.69425238600007,2.452792779000049],[111.78470117100005,2.49940175100005],[111.81540615300008,2.512004914000045],[111.84206474200005,2.52793704100003],[111.88014844100007,2.52912599800004],[111.96726490300006,2.540777718000072],[111.99201705151562,2.533491823207137]]]}},{"type":"Feature","properties":{"state":"Sarawak","district":"Daro"},"geometry":{"type":"Polygon","coordinates":[[[111.57296473100007,2.329009621000068],[111.59713895400006,2.32269234100005],[111.60011424300006,2.326036787000021],[111.60261348500006,2.351008400000069],[111.61023022500007,2.375503929000047],[111.60642185500006,2.377406477000022],[111.59832906900004,2.372887923000064],[111.59380663000007,2.37336356000003],[111.59071233000009,2.381925016000025],[111.59951918500008,2.386919173000024],[111.60166139300009,2.393340207000051],[111.59856709200005,2.411176252000075],[111.60094732400006,2.421402146000048],[111.59594883800008,2.427823017000037],[111.59523476900006,2.434957282000028],[111.60118534700007,2.443042736000052],[111.60806871600005,2.443798463000064],[111.59544422900007,2.450623995000058],[111.58508546300004,2.452298144000054],[111.58021075000005,2.45777716300006],[111.57944907600006,2.46021227600005],[111.58843682900005,2.467517586000042],[111.59135108700008,2.477666397000064],[111.59135108700008,2.495663879000062],[111.57624219800005,2.515402769000048],[111.57449886400008,2.540946771000051],[111.56984997500007,2.551396444000034],[111.53846997400007,2.586808594000047],[111.51115775100004,2.606546085000048],[111.46757441700004,2.645439644000021],[111.45478997200007,2.659951854000042],[111.43096441500006,2.674463894000041],[111.42987483200005,2.694816741000068],[111.43259879100009,2.702072575000045],[111.40263524800008,2.768280048000065],[111.36086788600005,2.765559265000036],[111.34452413500009,2.795487531000049],[111.33726024600008,2.802742753000075],[111.32364045400004,2.800022050000052],[111.29730885600009,2.76465233600004],[111.28822899500005,2.74742055400003],[111.28278107800008,2.730188523000038],[111.28096510500006,2.630419327000027],[111.28732100800005,2.599579947000052],[111.30275677300006,2.55604071700003],[111.30820469000008,2.531549249000022],[111.31002066200006,2.505243083000039],[111.29960789900008,2.461897327000031],[111.30180845100006,2.439817564000066],[111.30014914500003,2.405003265000062],[111.32782716400004,2.390945844000044],[111.32886791200008,2.372228552000024],[111.34864213400004,2.345192018000034],[111.35696812200007,2.341032504000054],[111.36737560700004,2.33895274200006],[111.37674234400004,2.343112262000034],[111.38194608600008,2.358710350000024],[111.39963881100005,2.369108979000032],[111.41629078700004,2.369108979000032],[111.43190201500005,2.374308264000035],[111.44543174500006,2.373268408000058],[111.46520596700009,2.362869811000053],[111.48185794300008,2.351431265000031],[111.49151494500006,2.340027998000039],[111.49226001700004,2.343502099000034],[111.50007015100005,2.346474896000075],[111.50416117300006,2.351677276000032],[111.50973984000007,2.352420472000063],[111.52238481800003,2.347218094000027],[111.53354215200005,2.351677276000032],[111.54544330800007,2.362081979000038],[111.55176579700009,2.353906862000031],[111.55548490800004,2.329009621000068],[111.55883210800005,2.324550367000029],[111.57296473100007,2.329009621000068]]]}},{"type":"Feature","properties":{"state":"Sarawak","district":"Bintulu"},"geometry":{"type":"Polygon","coordinates":[[[112.99881741600007,2.966599057000053],[113.04645335200007,2.991942731000051],[113.0917800200001,3.027921917000072],[113.12664668800005,3.04358989900004],[113.17952780100006,3.073184354000034],[113.19231224500004,3.085370068000032],[113.19754224600001,3.098135905000049],[113.1957989120001,3.106839796000031],[113.18708224500006,3.124827610000068],[113.18533891200002,3.137012728000059],[113.19347446800009,3.15035817100005],[113.20102891200008,3.178789195000036],[113.21090780200007,3.20199761300006],[113.22136780200003,3.210120436000068],[113.23763891400006,3.214181823000047],[113.28645224800005,3.214181823000047],[113.30446669300011,3.218243194000024],[113.31376447100001,3.22288474000004],[113.32829225000012,3.244931798000039],[113.33933336100006,3.250153400000045],[113.35444225000003,3.252474103000054],[113.35618558400006,3.258856008000066],[113.35444225000003,3.269879205000052],[113.35909113900004,3.285543539000059],[113.37129447300003,3.297146590000068],[113.3962822520001,3.311650214000053],[113.40558003000001,3.320932423000045],[113.41487780800003,3.337176077000038],[113.43231114200012,3.347618284000021],[113.43986558600011,3.355739924000034],[113.44800114200007,3.365021715000069],[113.45846114200003,3.392866558000037],[113.46775892000005,3.405628510000042],[113.49913892100005,3.432892112000047],[113.52064003300006,3.438112714000056],[113.53284336700005,3.449133889000052],[113.52122114400004,3.453774346000046],[113.51424781100002,3.461315040000045],[113.50901781000005,3.487997012000051],[113.50611225500006,3.547738672000037],[113.51773447700009,3.569778313000029],[113.51947781100012,3.578478026000028],[113.51599114400005,3.606896511000059],[113.48054336500002,3.674169371000062],[113.44742003100009,3.69968534100002],[113.42533780800011,3.711283266000066],[113.40848558500011,3.681708256000036],[113.37536225100007,3.634734165000054],[113.3724566950001,3.623715196000035],[113.34165780500007,3.58775762800002],[113.31608891600001,3.566298405000055],[113.29633113700004,3.545418679000022],[113.29400669300003,3.532658615000059],[113.2998178040001,3.527438538000069],[113.30156113800001,3.518158328000027],[113.27657335900005,3.483356723000043],[113.23354789100006,3.446651235000047],[113.1944972230001,3.417322950000028],[113.17292637800006,3.392077632000053],[113.17181064500005,3.383167362000052],[113.15767802200003,3.355693514000052],[113.15767802200003,3.348268017000066],[113.10300708700004,3.304456443000049],[113.06358450800008,3.280693423000059],[113.06135304200006,3.273267363000059],[113.05391481900006,3.266583862000061],[113.06395641900008,3.267697782000027],[113.06916317500009,3.263242095000066],[113.0773452200001,3.262499478000052],[113.0773452200001,3.257672458000059],[113.06693170800008,3.25804376800005],[113.06693170800008,3.251731478000067],[113.07362610900009,3.247647034000067],[113.0747418420001,3.242448627000044],[113.06990699700009,3.239106780000043],[113.06470024200007,3.225739281000074],[113.04461704100004,3.209400988000027],[113.04722041900004,3.201974405000044],[113.04610468600004,3.197889761000056],[113.03383161900001,3.189720425000075],[113.029368685,3.179322994000074],[113.0144922400001,3.164469340000039],[112.968747172,3.136618164000026],[112.94122574900007,3.12213526000005],[112.8779413530001,3.09921472700006],[112.88603413900012,3.069267256000046],[112.89603111000008,3.04811337700005],[112.90674215000001,3.040269698000031],[112.926974115,3.035991304000049],[112.93044032700004,3.018521018000058],[112.92523357100004,2.998836899000025],[112.93750663800006,2.978038200000071],[112.94122574900007,2.964667399000064],[112.93601899300006,2.944610896000029],[112.92783694900004,2.93792531500003],[112.92560548200004,2.93235396700004],[112.92709312700003,2.92455403200006],[112.93192797100005,2.91898261700004],[112.94606059400007,2.916011185000059],[112.9587055720001,2.921582614000044],[112.966515705,2.928639719000046],[112.99403712900005,2.96652446500002],[112.99881741600007,2.966599057000053]]]}},{"type":"Feature","properties":{"state":"Sarawak","district":"Sebauh"},"geometry":{"type":"Polygon","coordinates":[[[113.67924885000002,2.801237118000074],[113.69497337200005,2.83698679400004],[113.69613559400011,2.846273140000051],[113.7205422610001,2.876453244000061],[113.73448892800002,2.888641137000036],[113.74146226200003,2.899087798000039],[113.74088115100005,2.919400474000042],[113.75947670700009,2.941453821000039],[113.77574781800001,2.974533023000049],[113.82979115300009,3.047651931000075],[113.8559411540001,3.068542141000023],[113.86233337600004,3.083048991000055],[113.88615893300005,3.105099023000037],[113.89138893300003,3.115543615000036],[113.89487560000009,3.143975589000036],[113.90417337800011,3.172406788000046],[113.91812004500002,3.182850706000067],[113.923350045,3.183430920000035],[113.92567448900002,3.18749241300003],[113.91463337800008,3.225205506000066],[113.91463337800008,3.235068700000056],[113.98785338000005,3.304108356000029],[114.00993560300003,3.343557439000051],[114.04654560400002,3.365601824000066],[114.0639789380001,3.389966091000076],[114.0593300490001,3.403308168000024],[114.05003227100008,3.405628510000042],[114.0471267150001,3.413749664000022],[114.04073449300006,3.418970370000068],[114.01516560300001,3.417810215000031],[114.00412449200007,3.398667466000063],[113.99424560300008,3.400407732000076],[113.99192115800008,3.425931266000021],[113.9866911580001,3.434052248000057],[113.98146115800012,3.435792450000065],[113.97855560200003,3.444493410000064],[113.97971782400009,3.454934456000046],[114.00470560300005,3.481036570000072],[114.00586782500011,3.502497766000033],[113.99947560300006,3.516998296000054],[113.97797449100005,3.536718654000026],[113.95647337900004,3.565718419000063],[113.94891893500005,3.562818483000058],[113.94427004600004,3.557018585000037],[113.93381004500009,3.528598557000066],[113.90533560000006,3.519898375000025],[113.89894337800001,3.48567687000002],[113.87918559900004,3.474076077000063],[113.86640115400007,3.459574885000052],[113.85536004300002,3.416650060000052],[113.84490004300005,3.396347107000054],[113.82107448600004,3.370242684000061],[113.804803375,3.362121165000076],[113.79899226300006,3.355159809000043],[113.78214004100005,3.320932423000045],[113.75366559500003,3.315711191000048],[113.73332670600007,3.349938759000054],[113.72519115000011,3.378364135000027],[113.717636706,3.383004934000041],[113.69671670500009,3.380104437000057],[113.6769589270001,3.371983001000046],[113.66533670400008,3.364441606000071],[113.65313337000009,3.366181933000064],[113.64964670400002,3.373723314000074],[113.65080892600008,3.379524337000021],[113.6577822590001,3.391126279000048],[113.67347226000004,3.403888254000037],[113.67289114900007,3.410269178000021],[113.669404482,3.416650060000052],[113.65836337000007,3.422450824000066],[113.63570003600012,3.444493410000064],[113.61303670200004,3.453194290000056],[113.60780670200006,3.460154937000027],[113.6019955910001,3.462475141000027],[113.56887225700007,3.449713947000021],[113.53284336700005,3.449133889000052],[113.52064003300006,3.438112714000056],[113.49913892100005,3.432892112000047],[113.46775892000005,3.405628510000042],[113.45846114200003,3.392866558000037],[113.44800114200007,3.365021715000069],[113.43231114200012,3.347618284000021],[113.41487780800003,3.337176077000038],[113.40558003000001,3.320932423000045],[113.3962822520001,3.311650214000053],[113.37129447300003,3.297146590000068],[113.35909113900004,3.285543539000059],[113.35444225000003,3.269879205000052],[113.35618558400006,3.258856008000066],[113.35444225000003,3.252474103000054],[113.33933336100006,3.250153400000045],[113.32829225000012,3.244931798000039],[113.31376447100001,3.22288474000004],[113.30446669300011,3.218243194000024],[113.28645224800005,3.214181823000047],[113.23763891400006,3.214181823000047],[113.22136780200003,3.210120436000068],[113.21090780200007,3.20199761300006],[113.20102891200008,3.178789195000036],[113.19347446800009,3.15035817100005],[113.18533891200002,3.137012728000059],[113.18708224500006,3.124827610000068],[113.1957989120001,3.106839796000031],[113.19754224600001,3.098135905000049],[113.19231224500004,3.085370068000032],[113.17952780100006,3.073184354000034],[113.12664668800005,3.04358989900004],[113.0917800200001,3.027921917000072],[113.04645335200007,2.991942731000051],[112.99881741600007,2.966599057000053],[113.0178394400001,2.96689587700007],[113.028624863,2.960581845000036],[113.04610468600004,2.939039581000031],[113.05503055300005,2.933839662000025],[113.06618788600008,2.936439625000048],[113.0758575750001,2.944610896000029],[113.08813064200001,2.94795367200004],[113.10189135400003,2.947210834000032],[113.11899926600006,2.933096815000056],[113.146148777,2.927896868000062],[113.20677029,2.926411164000058],[113.21978718000003,2.917868331000022],[113.23020069100005,2.887039307000066],[113.23838273600006,2.872924534000049],[113.27259855900002,2.858438139000043],[113.29082220400005,2.843208654000023],[113.28301207000004,2.825378758000056],[113.29045029300005,2.803833935000057],[113.28859073700005,2.79454725100004],[113.28375589300003,2.788232263000054],[113.27408620300002,2.782660188000023],[113.25028389200008,2.774116287000027],[113.24135802500007,2.76482936900004],[113.23987038000007,2.755170896000038],[113.24396140300007,2.745140861000039],[113.325781849,2.724709049000069],[113.33582345000002,2.715793240000039],[113.34995607200005,2.714307265000059],[113.3756179400001,2.718393691000074],[113.39049438500001,2.723966067000049],[113.40165171800004,2.732138839000072],[113.44367767500012,2.736968178000041],[113.45483500900002,2.745883830000025],[113.48161261000007,2.751827561000027],[113.509598922,2.754567239000039],[113.54330336700002,2.742958389000023],[113.55957447900005,2.747021499000027],[113.59095448000005,2.760952059000033],[113.61768559100005,2.784169294000037],[113.6333755920001,2.792875640000034],[113.64441670300005,2.791714797000054],[113.64674114800005,2.780106311000054],[113.65894448200004,2.776623743000073],[113.67924885000002,2.801237118000074]]]}},{"type":"Feature","properties":{"state":"Sarawak","district":"Bukit Mabong"},"geometry":{"type":"Polygon","coordinates":[[[112.89622271500002,1.592280879000043],[112.92151446000003,1.567061305000038],[112.94243446000007,1.571708450000074],[112.95173223800009,1.569965772000046],[112.96044890500002,1.564156834000073],[112.97090890600009,1.563575939000032],[112.98311223900009,1.569965772000046],[112.98950446200001,1.578679149000038],[112.99822112900006,1.580421820000026],[113.01100557300003,1.568223092000039],[113.03541224100002,1.562995044000047],[113.05458890800003,1.555443397000033],[113.05981890800001,1.550796216000037],[113.06156224200004,1.544406325000068],[113.06621113100005,1.539178218000075],[113.0627244640001,1.530464679000033],[113.0505211300001,1.521751104000032],[113.04645335200007,1.503162026000041],[113.04412890800006,1.500257468000029],[113.03831779600011,1.499095644000022],[113.03308779600002,1.489801029000034],[113.03657446300008,1.477020869000057],[112.997058906,1.456107721000024],[112.982531128,1.45436495000007],[112.97904446100006,1.450298479000026],[112.97032779400001,1.431127874000026],[112.97265223900001,1.424737636000032],[112.96974668300004,1.40847149800004],[112.97904446100006,1.406147754000074],[112.98659890600004,1.409633369000062],[113.01565446200004,1.407890562000034],[113.03308779600002,1.419509247000065],[113.0528455750001,1.422994841000047],[113.0627244640001,1.428223222000042],[113.08073890900005,1.429966014000058],[113.08887446500012,1.438679949000061],[113.09468557600007,1.439841805000071],[113.10572668700001,1.435194379000052],[113.11618668800008,1.426480430000026],[113.12199779900004,1.406728690000023],[113.13129557700006,1.39220524600006],[113.16500002200007,1.383491136000032],[113.17081113400002,1.379424540000059],[113.18185224500007,1.378262654000025],[113.19754224600001,1.381748310000035],[113.21207002400001,1.387557724000033],[113.21613780200005,1.39220524600006],[113.23008446900008,1.389881486000036],[113.23589558000003,1.385233960000051],[113.2440311360001,1.383491136000032],[113.25739669200004,1.391043366000019],[113.26437002500006,1.391043366000019],[113.27424891500004,1.384653019000041],[113.28238447000001,1.384072077000042],[113.29865558200004,1.377681711000037],[113.31783224900005,1.378843597000071],[113.35618558400006,1.354443873000037],[113.36315891700008,1.331205811000075],[113.36955114000011,1.324815306000062],[113.38814669600004,1.319586698000023],[113.41952669700004,1.28531],[113.4352166970001,1.285890965000021],[113.45032558600008,1.291119643000059],[113.45381225300002,1.29925312000006],[113.46078558700003,1.304481770000052],[113.4811244760001,1.309129450000057],[113.490422254,1.316681911000046],[113.51424781100002,1.315519996000035],[113.53691114500009,1.326558173000024],[113.54620892300011,1.321910525000021],[113.55085781200012,1.313777121000044],[113.55725003400005,1.310291369000026],[113.57235892300002,1.308548491000067],[113.57933225700003,1.302157927000053],[113.58340003500007,1.289957715000071],[113.59153559100002,1.282405174000075],[113.5973467020001,1.260328387000072],[113.62698336900007,1.240575314000068],[113.62582114700001,1.227793835000057],[113.63453781400005,1.221984052000039],[113.6432544810001,1.224888945000032],[113.64906559200006,1.222565031000045],[113.66533670400008,1.228411124000047],[113.6889443440001,1.252921002000051],[113.70165614900009,1.26290644300002],[113.71890788600001,1.27107632000002],[113.73979156700011,1.274707369000055],[113.77338705400007,1.291047022000043],[113.806074555,1.300124562000065],[113.81606240300005,1.313740811000059],[113.82514226400008,1.349142709000034],[113.81787837500008,1.360943228000053],[113.83059018100005,1.375466865000021],[113.84330198700002,1.383636371000023],[113.85873775100004,1.386359534000064],[113.878713446,1.401790729000027],[113.89687316900006,1.409052433000056],[113.92048080900008,1.411775566000074],[113.9359165730001,1.422668067000075],[113.9431804620001,1.435375919000023],[113.97042004600007,1.450806788000023],[113.98131588000001,1.452622177000023],[113.99493567200011,1.446268308000072],[114.00946345000011,1.443545216000075],[114.068482549,1.45988372000005],[114.08028636900008,1.465329862000033],[114.09390616100006,1.465329862000033],[114.1038940090001,1.456252952000057],[114.11751380100009,1.458068337000043],[114.133857551,1.467145240000036],[114.1547412320001,1.453529871000057],[114.1620051210001,1.444452913000021],[114.19124227500004,1.425318568000023],[114.20054005300005,1.411376174000054],[114.20460783100009,1.409633369000062],[114.23482561000003,1.443327368000041],[114.2429611660001,1.446232],[114.27550338900005,1.44507014800007],[114.2842200560001,1.454945874000032],[114.30862672300009,1.468888001000039],[114.36673783600008,1.487477369000032],[114.38242783600003,1.500838380000062],[114.3859145030001,1.510132949000024],[114.39230672600002,1.515361126000073],[114.4004422810001,1.515942034000034],[114.40683450400002,1.510132949000024],[114.44402561600009,1.490381943000045],[114.46843228300008,1.474116276000075],[114.4945822840001,1.470630761000052],[114.52421895200007,1.442165514000067],[114.53409784100006,1.436356236000051],[114.54804450800009,1.431708803000049],[114.56605895300004,1.431127874000026],[114.57477562000008,1.439841805000071],[114.58930339800008,1.464821556000061],[114.593371176,1.477020869000057],[114.60557451000011,1.488058284000033],[114.610223399,1.500257468000029],[114.61196673200004,1.511875676000045],[114.610223399,1.520589291000022],[114.60325006500011,1.532207390000053],[114.60150673200008,1.541501823000033],[114.61196673200004,1.555443397000033],[114.610223399,1.568223092000039],[114.61254784300002,1.579260039000076],[114.62707562100002,1.580421820000026],[114.6398600660001,1.590296927000054],[114.66368562200012,1.615274929000066],[114.67774124800007,1.654120919000036],[114.70134888700011,1.675903386000073],[114.71315270700006,1.724005470000066],[114.72041659600006,1.743972018000022],[114.71496868000008,1.753955212000051],[114.71133673500003,1.776644092000026],[114.7158766660001,1.799332694000043],[114.7086127770001,1.804777916000035],[114.69953291500008,1.81929843000006],[114.71315270700006,1.832911305000039],[114.72041659600006,1.846524076000037],[114.72404854100012,1.861951758000032],[114.74947215300006,1.867396790000043],[114.76944784800003,1.853784179000058],[114.7812516680001,1.851969156000052],[114.79214750100004,1.866489286000046],[114.79668743200011,1.878286803000037],[114.80849125200007,1.882824289000041],[114.81938708500002,1.894621696000058],[114.83754680800007,1.899159139000062],[114.85479854500011,1.900066626000068],[114.8684183370001,1.915493834000074],[114.87295826800005,1.933643313000061],[114.85661451700003,1.945440371000075],[114.85025861400004,1.963589528000057],[114.87659021200011,1.997164949000023],[114.89293396300002,2.000794683000038],[114.89293396300002,2.022572920000073],[114.88657806000003,2.029832268000064],[114.87114229500003,2.034369343000037],[114.84753465600011,2.01712838800006],[114.81847909900011,2.01622096400007],[114.81847909900011,2.028924851000056],[114.80758326600005,2.037091582000073],[114.81212319600002,2.052517518000059],[114.81938708500002,2.055239726000025],[114.81575514100007,2.064313721000076],[114.80576729300003,2.069758093000075],[114.80576729300003,2.077924615000029],[114.81847909900011,2.090628011000035],[114.81575514100007,2.109682912000039],[114.81121521000011,2.112405022000075],[114.75128812500009,2.096979671000042],[114.66684541400002,2.069758093000075],[114.564242981,2.057054529000027],[114.50340790900009,2.038906406000024],[114.4534686720001,2.013498690000063],[114.42895304600006,2.008961556000031],[114.28095130600002,2.008054128000026],[114.23373602600009,2.00260954700002],[114.2055884560001,1.990812895000033],[114.10934192500008,1.983553374000053],[114.05758671600006,1.982645932000025],[114.01763532600012,1.997164949000023],[113.9940276860001,2.009868984000036],[113.95498428200005,2.033461929000055],[113.92048080900008,2.057961930000033],[113.8778054600001,2.102423930000043],[113.8560137930001,2.148699360000023],[113.8260502500001,2.200417297000058],[113.81515441700003,2.214026984000043],[113.78609886000004,2.242153274000032],[113.762491221,2.270279023000057],[113.70864835300006,2.313362296000037],[113.70475928300004,2.309314477000044],[113.63372425900002,2.31674663900003],[113.54149030000008,2.307828040000061],[113.52326665500004,2.304111940000041],[113.50615874400012,2.29036228800004],[113.44293385300011,2.25617339300004],[113.42024727400008,2.234247482000058],[113.40276745200003,2.228301415000033],[113.29751660400007,2.224956743000064],[113.29156602600005,2.211577975000068],[113.29602896000006,2.195969261000073],[113.29714469300006,2.174785746000055],[113.28301207000004,2.153230285000063],[113.21495233500002,2.144682345000035],[113.1941253120001,2.144310694000069],[113.17924886700007,2.149513795000075],[113.16437242200004,2.162521469000069],[113.1383386440001,2.162893115000031],[113.1357352660001,2.156575118000035],[113.1364790880001,2.141709137000021],[113.1413139330001,2.132417826000051],[113.15395891100002,2.126471357000071],[113.15693420000002,2.121268178000037],[113.15135553300001,2.10008362700006],[113.1409420220001,2.087818755000058],[113.1349914440001,2.058457008000062],[113.12417696600005,2.027110016000051],[113.12871689600001,2.010776411000052],[113.143244675,1.993535207000036],[113.16049641100005,1.984460816000023],[113.17684016200008,1.969941687000073],[113.18501203700009,1.946347833000061],[113.19499988400003,1.932735844000035],[113.2222394690001,1.928198490000057],[113.24221516400007,1.921846174000052],[113.26128287300003,1.909141471000055],[113.26854676200003,1.900066626000068],[113.26945474800004,1.885546775000023],[113.26037488600002,1.873749306000036],[113.24916815800009,1.866663527000071],[113.12532175500007,1.86592009900005],[113.09370930900002,1.861831241000061],[113.08180815300011,1.851794914000038],[113.05837775300006,1.823544206000065],[113.03866646300003,1.806073151000021],[113.02788104100011,1.80198415600006],[112.99998770600007,1.797523424000076],[112.97655730600002,1.77856519200003],[112.939672169,1.768079654000076],[112.9418533490001,1.74654950200005],[112.93601899300006,1.732098119000057],[112.92209557100011,1.720992318000071],[112.90814890400009,1.71518381900006],[112.87560668100002,1.712279563000038],[112.84597001300006,1.702405060000046],[112.85817334700005,1.701824205000037],[112.878512236,1.705890184000054],[112.88839112500011,1.70356676900002],[112.91686557100002,1.68846449800003],[112.92325779300006,1.680332458000066],[112.92616334900003,1.65187005100006],[112.9319744600001,1.639671751000037],[112.9319744600001,1.632120385000064],[112.9273255710001,1.62514986900004],[112.90175668100005,1.615274929000066],[112.90117557000008,1.602495524000062],[112.89885112600007,1.593782248000025],[112.89622271500002,1.592280879000043]]]}},{"type":"Feature","properties":{"state":"Sarawak","district":"Belaga"},"geometry":{"type":"Polygon","coordinates":[[[113.70864835300006,2.313362296000037],[113.762491221,2.270279023000057],[113.78609886000004,2.242153274000032],[113.81515441700003,2.214026984000043],[113.8260502500001,2.200417297000058],[113.8560137930001,2.148699360000023],[113.8778054600001,2.102423930000043],[113.89142525200009,2.086091096000075],[113.92048080900008,2.057961930000033],[113.95498428200005,2.033461929000055],[114.01763532600012,1.997164949000023],[114.05758671600006,1.982645932000025],[114.10934192500008,1.983553374000053],[114.2055884560001,1.990812895000033],[114.23373602600009,2.00260954700002],[114.28095130600002,2.008054128000026],[114.42895304600006,2.008961556000031],[114.4534686720001,2.013498690000063],[114.50340790900009,2.038906406000024],[114.564242981,2.057054529000027],[114.66684541400002,2.069758093000075],[114.79396347400007,2.108775541000057],[114.78630007100003,2.141476855000064],[114.78688118200012,2.173415311000042],[114.79443562600011,2.190836003000072],[114.7921111820001,2.209417851000069],[114.80489562700006,2.229160809000064],[114.80489562700006,2.248322840000071],[114.81303118200003,2.250645493000036],[114.82000451600004,2.248903503000065],[114.82465340500005,2.244258187000071],[114.832788961,2.244258187000071],[114.84383007200006,2.252968142000043],[114.85545229500008,2.256452110000055],[114.8839267400001,2.260516728000027],[114.90368451800009,2.254710127000067],[114.91356340800007,2.256452110000055],[114.92228007500012,2.261678045000053],[114.93215896400011,2.275033128000075],[114.93738896400009,2.279097694000029],[114.95075452000003,2.283162248000053],[114.9588900760001,2.291291323000053],[114.96063340900002,2.302904206000051],[114.95307896400004,2.309871890000068],[114.94784896400006,2.311613806000025],[114.94320007500005,2.323226524000063],[114.95017340900006,2.351096655000049],[114.96179563100009,2.367934589000072],[114.97399896500008,2.370257047000052],[114.98097229900009,2.355741622000039],[114.99201341000003,2.349354788000028],[115.00363563300004,2.357483481000031],[115.00770341000009,2.365612128000066],[115.02339341100003,2.367353974000025],[115.02978563300007,2.384772320000025],[115.03501563300006,2.391739596000036],[115.04257007800004,2.388836568000045],[115.05012452300002,2.395223221000037],[115.04780007800002,2.402771045000065],[115.05884119000007,2.40741583800002],[115.08847785700004,2.401029243000039],[115.09370785700003,2.405674043000033],[115.09719452400009,2.424253083000053],[115.103586747,2.441670702000067],[115.11579008000001,2.453862901000036],[115.14426452600003,2.473021846000051],[115.15588674800006,2.475924693000024],[115.16925230400011,2.475924693000024],[115.20411897200006,2.47244127600004],[115.23898564000001,2.497405558000025],[115.24247230600008,2.503791693000039],[115.24305341700006,2.514241666000032],[115.2395667510001,2.53107755700006],[115.21574119400009,2.540946771000051],[115.21341675000008,2.560104441000021],[115.20876786100007,2.56997343200004],[115.1983078610001,2.57519816100006],[115.18261786000005,2.594935833000022],[115.176225638,2.607126594000022],[115.16750897100007,2.610609647000047],[115.13961563700002,2.599579947000052],[115.13148008100006,2.590872220000051],[115.12160119200007,2.588550149000071],[115.11404674700009,2.590291703000048],[115.11172230200009,2.596677378000038],[115.10010008000006,2.611770663000073],[115.09835674600004,2.618156229000022],[115.101262302,2.626863767000032],[115.12102008000011,2.652986015000067],[115.12218230300005,2.661112824000043],[115.11695230300006,2.679107711000029],[115.12043896900002,2.69129764500002],[115.10707341300008,2.708711626000024],[115.11346563600011,2.726125356000068],[115.12102008000011,2.732510327000057],[115.13787230300011,2.739475712000058],[115.1477511920001,2.748762828000054],[115.14949452600001,2.757469434000029],[115.14426452600003,2.780686738000043],[115.14542674800009,2.788232263000054],[115.15123785900005,2.796358160000068],[115.1500756370001,2.81086854900002],[115.13264230300001,2.814351016000046],[115.12218230300005,2.813190195000061],[115.10533008000004,2.821896324000022],[115.09777563500006,2.823057137000035],[115.0896400800001,2.816672654000058],[115.08499119100009,2.795197321000046],[115.07336896800007,2.771980302000031],[115.04896230100007,2.749923713000044],[115.01293341100006,2.729608072000076],[114.99898674400004,2.713935771000024],[114.96121452000011,2.690717175000032],[114.9350645190001,2.691878115000065],[114.91937451900003,2.695941398000059],[114.88799451800003,2.714516230000072],[114.8502222950001,2.716838064000058],[114.75550118100011,2.714516230000072],[114.7462034030001,2.720320807000064],[114.70610673500005,2.762693367000054],[114.68925451200005,2.775462884000035],[114.68402451200006,2.783008443000028],[114.68111895600009,2.801001504000055],[114.68286229000012,2.818413880000037],[114.68111895600009,2.826539567000054],[114.66484784500005,2.84104958000006],[114.65032006700005,2.848014321000051],[114.63404895500003,2.859622130000048],[114.62649451000004,2.879355135000026],[114.61952117700002,2.886319643000036],[114.610223399,2.892703739000069],[114.5986011760001,2.89444485000007],[114.56780228600007,2.887480391000054],[114.55966673000012,2.888060764000045],[114.53642228500007,2.907793276000064],[114.51957006300006,2.914757609000048],[114.51027228500004,2.932748605000029],[114.5114345070001,2.95306067100006],[114.49923117300011,2.973372366000035],[114.45448561600006,2.982657588000052],[114.42601117100003,3.003549050000061],[114.42020006000007,3.01399463100006],[114.4172945040001,3.035465788000067],[114.39869894800006,3.061578783000073],[114.39405005900005,3.084209530000066],[114.38359005900008,3.081308179000075],[114.36325116900002,3.081308179000075],[114.35279116900006,3.084209530000066],[114.3202489460001,3.116704119000076],[114.31211339000004,3.12076587200005],[114.29177450000009,3.148617470000033],[114.29409894500009,3.170666125000025],[114.3033967230001,3.188652837000063],[114.30804561200011,3.192714309000053],[114.3202489460001,3.195035143000041],[114.34291228000006,3.191553890000023],[114.35046672400006,3.198516384000072],[114.35046672400006,3.20547883100005],[114.32141116800005,3.246092157000021],[114.3033967230001,3.255955147000066],[114.2888689450001,3.260596521000025],[114.278990055,3.268718874000058],[114.23366338700009,3.321512558000052],[114.20460783100009,3.34645804400003],[114.19066116400006,3.361541054000043],[114.17903894100004,3.361541054000043],[114.16741671900002,3.356320038000035],[114.15637560700009,3.336595951000049],[114.12732005100008,3.320932423000045],[114.10349449500006,3.323252961000037],[114.0808311610001,3.322092692000069],[114.06049227100004,3.31397077500003],[114.05061338200005,3.315711191000048],[114.0471267150001,3.321512558000052],[114.04654560400002,3.329054283000062],[114.05526227100006,3.349358641000038],[114.0487318380001,3.368602707000036],[114.03724782600011,3.358640493000053],[114.00993560300003,3.343557439000051],[113.98785338000005,3.304108356000029],[113.91463337800008,3.235068700000056],[113.91463337800008,3.225205506000066],[113.92567448900002,3.18749241300003],[113.923350045,3.183430920000035],[113.91812004500002,3.182850706000067],[113.90417337800011,3.172406788000046],[113.89487560000009,3.143975589000036],[113.89138893300003,3.115543615000036],[113.88615893300005,3.105099023000037],[113.86233337600004,3.083048991000055],[113.8559411540001,3.068542141000023],[113.82979115300009,3.047651931000075],[113.81642559700003,3.030243114000029],[113.77574781800001,2.974533023000049],[113.75947670700009,2.941453821000039],[113.74088115100005,2.919400474000042],[113.74146226200003,2.899087798000039],[113.73448892800002,2.888641137000036],[113.7205422610001,2.876453244000061],[113.69613559400011,2.846273140000051],[113.69497337200005,2.83698679400004],[113.67924885000002,2.801237118000074],[113.68277003800006,2.80680565800003],[113.70310892700002,2.812609784000074],[113.70775781600003,2.805644830000062],[113.71008226100003,2.791134376000059],[113.70775781600003,2.776043314000049],[113.70485226100004,2.767336844000056],[113.68800003800004,2.754567239000039],[113.69090559400001,2.748182386000053],[113.698460038,2.742958389000023],[113.69439226000009,2.726705809000066],[113.686256705,2.714516230000072],[113.66243114800011,2.705228850000026],[113.65662003700004,2.697682800000052],[113.64906559200006,2.657629912000061],[113.65139003700006,2.647761609000042],[113.64383559200007,2.633249256000056],[113.63802448100012,2.628024767000056],[113.6264022580001,2.63034676500007],[113.61071225800004,2.648342100000036],[113.6019955910001,2.651825038000027],[113.594441146,2.648342100000036],[113.5415600340001,2.593194286000028],[113.52819447800005,2.585067036000055],[113.51192336600002,2.582164433000059],[113.50495003300011,2.578100779000067],[113.49681447700004,2.559523910000053],[113.48054336500002,2.540946771000051],[113.4689211430001,2.540946771000051],[113.46654571600004,2.549721050000073],[113.46413278700004,2.547866786000043],[113.42099109700007,2.543779802000074],[113.37747749500011,2.53077567400004],[113.36817971700009,2.524087786000052],[113.36520442800008,2.514055889000076],[113.35627856100007,2.500308350000068],[113.33507962800002,2.488046910000037],[113.327269494,2.476528484000028],[113.33470771600003,2.443458898000074],[113.34214593900003,2.434169542000063],[113.34772460600004,2.414475895000066],[113.35255945000006,2.40853058700003],[113.3745022060001,2.395525135000071],[113.37970896200011,2.389208156000052],[113.40499891800005,2.387350216000073],[113.42322256300008,2.394410376000053],[113.43995856400011,2.407044256000063],[113.46673616500004,2.436770568000043],[113.48198452100007,2.442344179000031],[113.50504301,2.446431479000069],[113.51991945500004,2.440486311000029],[113.53665545600006,2.415962218000061],[113.56008585600011,2.421907493000049],[113.57942523500003,2.442715752000026],[113.61029385800009,2.453119761000039],[113.63967483700003,2.483588176000069],[113.65715465900007,2.483959738000067],[113.6720311040001,2.476156920000051],[113.6764940380001,2.463895256000058],[113.66384905900009,2.441972606000036],[113.66273332600008,2.435655843000063],[113.6727749260001,2.43119693400007],[113.68541990500012,2.419306438000035],[113.686163727,2.374344563000022],[113.69880870500003,2.364311548000046],[113.71108177200006,2.348704490000046],[113.71405706100006,2.336813282000037],[113.71368515000006,2.318604673000038],[113.70864835300006,2.313362296000037]]]}},{"type":"Feature","properties":{"state":"Sarawak","district":"Beluru"},"geometry":{"type":"Polygon","coordinates":[[[114.0487318380001,3.368602707000036],[114.05526227100006,3.349358641000038],[114.04654560400002,3.329054283000062],[114.0471267150001,3.321512558000052],[114.05061338200005,3.315711191000048],[114.06049227100004,3.31397077500003],[114.0808311610001,3.322092692000069],[114.10349449500006,3.323252961000037],[114.12732005100008,3.320932423000045],[114.15637560700009,3.336595951000049],[114.16741671900002,3.356320038000035],[114.17903894100004,3.361541054000043],[114.19066116400006,3.361541054000043],[114.20460783100009,3.34645804400003],[114.23366338700009,3.321512558000052],[114.278990055,3.268718874000058],[114.2888689450001,3.260596521000025],[114.3033967230001,3.255955147000066],[114.32141116800005,3.246092157000021],[114.35046672400006,3.20547883100005],[114.35046672400006,3.198516384000072],[114.34291228000006,3.191553890000023],[114.31385672300007,3.195035143000041],[114.3033967230001,3.188652837000063],[114.29409894500009,3.170666125000025],[114.29235561100006,3.159061628000075],[114.29177450000009,3.148617470000033],[114.298166723,3.138173208000069],[114.31211339000004,3.12076587200005],[114.3202489460001,3.116704119000076],[114.35279116900006,3.084209530000066],[114.36325116900002,3.081308179000075],[114.38359005900008,3.081308179000075],[114.39405005900005,3.084209530000066],[114.39869894800006,3.061578783000073],[114.4172945040001,3.035465788000067],[114.42020006000007,3.01399463100006],[114.42601117100003,3.003549050000061],[114.45448561600006,2.982657588000052],[114.49923117300011,2.973372366000035],[114.5114345070001,2.95306067100006],[114.51027228500004,2.932748605000029],[114.51957006300006,2.914757609000048],[114.53642228500007,2.907793276000064],[114.55241050300003,2.893294704000027],[114.56024784200008,2.930427202000033],[114.55908561900003,2.948998287000052],[114.55443673000002,2.965247733000069],[114.53932784100004,2.989621453000041],[114.53467895200004,3.012834016000056],[114.537584508,3.054035094000028],[114.55908561900003,3.057516803000055],[114.60419437100006,3.057553071000029],[114.63960583000005,3.063899907000064],[114.66684541400002,3.05211289600004],[114.680465206,3.049392798000042],[114.70134888700011,3.08384686200003],[114.70498083200005,3.100166819000037],[114.68954506800003,3.123739646000047],[114.64959367800009,3.140058985000053],[114.6350658990001,3.154564851000032],[114.63234194100005,3.187202307000064],[114.61509020400001,3.217119066000066],[114.58058673100004,3.25519367000004],[114.56151902200008,3.294173321000073],[114.54971520200002,3.304144615000041],[114.52883152100003,3.307770516000062],[114.51702770100007,3.320461062000049],[114.50159193700006,3.331338544000062],[114.47798429800002,3.356718867000041],[114.44438881000008,3.404758382000068],[114.42804506000004,3.421979513000053],[114.39263360100006,3.479078936000064],[114.37628985000003,3.487235716000043],[114.34723429400003,3.489954626000042],[114.31363880700007,3.502642772000058],[114.29820304200007,3.513518189000024],[114.2782273470001,3.537987413000053],[114.26551554100001,3.54976866100003],[114.25007977700011,3.570612039000025],[114.24644783200006,3.59145494400002],[114.25371172100006,3.595079748000046],[114.27368741600003,3.579674230000023],[114.2927551250001,3.578768015000037],[114.316362765,3.588736331000064],[114.33179852900003,3.630420835000052],[114.3436023490001,3.642200890000026],[114.3663020030001,3.650356223000074],[114.3735658920001,3.664854410000032],[114.37901380800008,3.706535384000063],[114.36357804400006,3.724656935000041],[114.36357804400006,3.751838562000046],[114.35631415500006,3.767241108000064],[114.3653940160001,3.789891417000035],[114.37628985000003,3.80529328800003],[114.38446172500005,3.84062595100005],[114.39263360100006,3.856026911000072],[114.40443742000002,3.867803927000068],[114.4098853370001,3.885922094000023],[114.410793323,3.918533813000067],[114.41624124000009,3.962919941000052],[114.41170130900002,3.974695454000027],[114.33815443200001,3.981941840000047],[114.3227186680001,4.000963299000034],[114.309098876,4.025418811000065],[114.29729505600005,4.013644026000065],[114.2927551250001,3.961108309000053],[114.28821519500002,3.94299176800007],[114.2782273470001,3.928498252000054],[114.26097561100005,3.91491035100006],[114.25734366600011,3.929404104000071],[114.26823950000005,3.935745042000065],[114.27187144400011,3.94570927500007],[114.25007977700011,3.982847633000063],[114.21194435900009,4.074327628000049],[114.21830026200007,4.126856006000025],[114.21448672000008,4.153626032000034],[114.22320338700001,4.172752099000036],[114.22029783200003,4.184922989000029],[114.18659338600003,4.205207386000041],[114.1366178290001,4.213320997000039],[114.12615782900002,4.219116382000038],[114.10407560600004,4.225491255000065],[114.07792560500002,4.228968437000049],[114.02330115900008,4.21679823300002],[114.00470560300005,4.216218695000066],[113.99250226900006,4.194195922000063],[113.99424560300008,4.184922989000029],[113.98494782500006,4.172752099000036],[113.96809560200006,4.164638067000055],[113.97274449100007,4.147250574000054],[113.99134004700011,4.119429790000027],[113.99482671400006,4.098563564000074],[113.98901560200011,4.059727750000036],[113.99134004700011,4.045815958000048],[114.00296227000001,4.013933869000027],[114.00703004700006,3.987847597000041],[114.01516560300001,3.978572278000058],[114.027368937,3.957122704000028],[114.02853115900007,3.933353608000061],[114.02388227000006,3.893930200000057],[113.99889449200009,3.872478451000063],[113.99308338000003,3.856824129000074],[113.99192115800008,3.841749324000034],[113.99598893600012,3.830732952000062],[114.00492352000003,3.81978891600005],[114.01037143600001,3.80529328800003],[114.00583150600005,3.788079414000038],[113.99130372800005,3.779019343000073],[113.98222386600003,3.766335084000048],[114.00946345000011,3.74549625700007],[114.0230832420001,3.714690128000029],[114.01672733900011,3.702911029000063],[114.00219956100011,3.688413461000039],[113.99493567200011,3.667572794000023],[113.99311970000008,3.645825492000029],[113.97132803200009,3.622265322000032],[113.96224817100006,3.606860263000044],[113.95481111000004,3.565080322000028],[113.95647337900004,3.565718419000063],[113.9843667130001,3.529758576000063],[113.99947560300006,3.516998296000054],[114.00586782500011,3.502497766000033],[114.00470560300005,3.481036570000072],[113.97971782400009,3.454934456000046],[113.97855560200003,3.444493410000064],[113.98146115800012,3.435792450000065],[113.9866911580001,3.434052248000057],[113.99192115800008,3.425931266000021],[113.99424560300008,3.400407732000076],[114.00412449200007,3.398667466000063],[114.01516560300001,3.417810215000031],[114.04073449300006,3.418970370000068],[114.0471267150001,3.413749664000022],[114.05003227100008,3.405628510000042],[114.0593300490001,3.403308168000024],[114.06339782700002,3.395767016000036],[114.0639789380001,3.389966091000076],[114.0487318380001,3.368602707000036]]]}},{"type":"Feature","properties":{"state":"Sarawak","district":"Subis"},"geometry":{"type":"Polygon","coordinates":[[[113.53284336700005,3.449133889000052],[113.56887225700007,3.449713947000021],[113.6019955910001,3.462475141000027],[113.60780670200006,3.460154937000027],[113.61303670200004,3.453194290000056],[113.63570003600012,3.444493410000064],[113.65836337000007,3.422450824000066],[113.669404482,3.416650060000052],[113.67289114900007,3.410269178000021],[113.67347226000004,3.403888254000037],[113.6577822590001,3.391126279000048],[113.65080892600008,3.379524337000021],[113.64964670400002,3.373723314000074],[113.65313337000009,3.366181933000064],[113.66533670400008,3.364441606000071],[113.6769589270001,3.371983001000046],[113.69671670500009,3.380104437000057],[113.717636706,3.383004934000041],[113.72519115000011,3.378364135000027],[113.73332670600007,3.349938759000054],[113.74669226200001,3.324993361000054],[113.75366559500003,3.315711191000048],[113.76238226200007,3.316291329000023],[113.78214004100005,3.320932423000045],[113.79899226300006,3.355159809000043],[113.804803375,3.362121165000076],[113.82107448600004,3.370242684000061],[113.84490004300005,3.396347107000054],[113.85536004300002,3.416650060000052],[113.86640115400007,3.459574885000052],[113.87918559900004,3.474076077000063],[113.89894337800001,3.48567687000002],[113.90533560000006,3.519898375000025],[113.93381004500009,3.528598557000066],[113.94427004600004,3.557018585000037],[113.94891893500005,3.562818483000058],[113.95481111000004,3.565080322000028],[113.96224817100006,3.606860263000044],[113.97132803200009,3.622265322000032],[113.99311970000008,3.645825492000029],[113.99493567200011,3.667572794000023],[114.00219956100011,3.688413461000039],[114.01672733900011,3.702911029000063],[114.0230832420001,3.714690128000029],[114.00946345000011,3.74549625700007],[113.98222386600003,3.766335084000048],[113.99130372800005,3.779019343000073],[114.00583150600005,3.788079414000038],[114.01037143600001,3.80529328800003],[114.00492352000003,3.81978891600005],[113.99598893600012,3.830732952000062],[113.99192115800008,3.841749324000034],[113.99308338000003,3.856824129000074],[113.99889449200009,3.872478451000063],[114.02388227000006,3.893930200000057],[114.02853115900007,3.933353608000061],[114.027368937,3.957122704000028],[114.01516560300001,3.978572278000058],[114.00703004700006,3.987847597000041],[114.00296227000001,4.013933869000027],[113.99134004700011,4.045815958000048],[113.98901560200011,4.059727750000036],[113.99482671400006,4.098563564000074],[113.99134004700011,4.119429790000027],[113.97274449100007,4.147250574000054],[113.96809560200006,4.164638067000055],[113.98494782500006,4.172752099000036],[113.99424560300008,4.184922989000029],[113.99250226900006,4.194195922000063],[114.00385792400004,4.214688950000038],[113.95407629600004,4.201114327000028],[113.94045650400005,4.194775476000075],[113.92320476700002,4.192964367000059],[113.90050511400011,4.181192052000029],[113.86781761300006,4.154024497000023],[113.84057802900008,4.12051655800002],[113.82514226400008,4.09062990700005],[113.81606240300005,4.086101530000064],[113.81152247200009,4.09696959300004],[113.81061448600008,4.113271412000074],[113.79971865200002,4.080667442000049],[113.78246691600009,4.058025017000034],[113.75795129000005,4.026324557000066],[113.71981587200003,3.992811299000039],[113.68622038500007,3.950238432000049],[113.563061145,3.842329129000063],[113.4979766990001,3.800002324000047],[113.47705669800007,3.783186987000022],[113.43289225300009,3.755933854000034],[113.42824336400008,3.749555337000061],[113.42301336300011,3.734478660000036],[113.42708114100003,3.726360342000021],[113.42533780800011,3.711283266000066],[113.44742003100009,3.69968534100002],[113.48054336500002,3.674169371000062],[113.51599114400005,3.606896511000059],[113.51947781100012,3.578478026000028],[113.51773447700009,3.569778313000029],[113.50611225500006,3.547738672000037],[113.50901781000005,3.487997012000051],[113.51424781100002,3.461315040000045],[113.52122114400004,3.453774346000046],[113.53284336700005,3.449133889000052]]]}},{"type":"Feature","properties":{"state":"Sarawak","district":"Miri"},"geometry":{"type":"MultiPolygon","coordinates":[[[[115.52431120400001,3.942629434000025],[115.50339120300009,3.922918181000057],[115.5080400920001,3.895669507000036],[115.50745898100001,3.883494282000072],[115.49990453600003,3.875377368000045],[115.48712009100007,3.851026159000071],[115.47201120200009,3.838270485000066],[115.45690231300011,3.820876078000026],[115.4499289790001,3.821455897000021],[115.44121231200006,3.836531060000027],[115.4284278670001,3.846387754000034],[115.41273786700003,3.844648346000042],[115.38252008800009,3.829573326000059],[115.36566786600008,3.831312765000064],[115.3290578640001,3.849866560000066],[115.31511119700008,3.861462477000032],[115.28896119700005,3.87305823500003],[115.277920085,3.901467171000036],[115.24189119500011,3.933933350000075],[115.22794452800008,3.943209169000056],[115.1791311930001,3.99654311300003],[115.16750897100007,4.029005558000051],[115.15298119300007,4.041758307000066],[115.14368341400007,4.062626010000031],[115.12566896900012,4.078276432000052],[115.10946759100011,4.102620928000022],[115.09050012400007,4.081986118000032],[115.08603719100006,4.07271187300006],[115.08008661300005,4.045630466000034],[115.05516856700001,4.019290147000049],[115.04847416700011,4.007047174000036],[115.05264110500002,3.950516515000061],[115.0654513290001,3.952050088000021],[115.19256938800004,3.842437843000027],[115.20346522200009,3.826130676000048],[115.24886452900012,3.798951375000058],[115.24614057000008,3.78264338300005],[115.23524473700002,3.77267723600005],[115.16442181800005,3.663948280000056],[115.14626209500011,3.61954680100007],[115.14172216400004,3.601423121000039],[115.11993049700004,3.557924822000075],[115.1090346630001,3.541612428000064],[115.10721869100007,3.509893064000039],[115.11993049700004,3.472734726000056],[115.12265445600008,3.414728548000028],[115.13899820600011,3.350373848000061],[115.26157633500009,3.155471461000047],[115.28246001600007,3.117393167000046],[115.28972390500007,3.100166819000037],[115.28972390500007,3.085660203000032],[115.28609196000002,3.071153388000027],[115.28972390500007,3.05055337400006],[115.30639453000003,3.040688438000075],[115.3145300860001,3.025600715000053],[115.32092230900003,3.022118903000035],[115.32557119800003,3.01399463100006],[115.326152309,2.991942731000051],[115.33254453100005,2.984978881000075],[115.4016967550001,2.989621453000041],[115.4162245340001,3.000067167000054],[115.43365786800007,3.027341617000047],[115.44237453400001,3.03256430600004],[115.48537675800003,3.03256430600004],[115.49932342500006,3.038367264000044],[115.515013425,3.054035094000028],[115.52547342600008,3.078406820000055],[115.5225678700001,3.099876689000041],[115.52663564800002,3.124247362000062],[115.54348787100002,3.145136061000073],[115.5638267600001,3.162542991000066],[115.5708000940001,3.172406788000046],[115.56963787200004,3.179369411000039],[115.56498898300003,3.18517156200005],[115.54058231500005,3.199676795000073],[115.52837898100006,3.21360162600007],[115.52896009300002,3.22346493200007],[115.54000120400008,3.245511978000025],[115.54116342600003,3.25479480000007],[115.54058231500005,3.265237874000036],[115.5347712040001,3.286123694000025],[115.53593342600004,3.302948065000066],[115.54000120400008,3.322092692000069],[115.5516234270001,3.337176077000038],[115.55743453800005,3.387645711000062],[115.57021898300002,3.402728081000021],[115.57486787200003,3.422450824000066],[115.59462565000001,3.454934456000046],[115.60392342800003,3.456094566000047],[115.6097345390001,3.454354401000046],[115.61554565100005,3.447973771000022],[115.62193787300009,3.425351194000029],[115.6289112070001,3.416650060000052],[115.63704676200007,3.414909823000073],[115.64460120700005,3.419550446000073],[115.64808787400011,3.432892112000047],[115.65506120700002,3.443913348000024],[115.65622343000007,3.452614234000066],[115.64808787400011,3.47349603300006],[115.61845120600003,3.511198111000056],[115.61787009500006,3.551218650000067],[115.61438342800011,3.566298405000055],[115.59288231700009,3.594717268000068],[115.58649009400006,3.615015915000072],[115.58474676100002,3.645173065000051],[115.58009787200001,3.662570961000029],[115.5830034280001,3.711863158000028],[115.58881453900005,3.751294937000068],[115.59636898300005,3.782607142000074],[115.6120589840001,3.822035716000073],[115.62542454000004,3.848127159000057],[115.62774898400005,3.856244334000053],[115.62716787300008,3.868419951000021],[115.62426231800009,3.878856055000028],[115.61845120600003,3.885813386000052],[115.5783545380001,3.911902866000048],[115.57138120500008,3.92581692400006],[115.57021898300002,3.933353608000061],[115.5661512050001,3.93741179400007],[115.52431120400001,3.942629434000025]]],[[[114.07270235900012,4.228033483000047],[114.06476924900005,4.244082404000039],[114.06328160500004,4.258176144000061],[114.06960409400006,4.276349270000026],[114.07741422700008,4.284879364000062],[114.10381991700001,4.290071548000071],[114.12092782900004,4.299714083000026],[114.1503088070001,4.310098215000039],[114.17485494100004,4.327528403000031],[114.18080551900005,4.343103976000066],[114.21911236500011,4.399099206000074],[114.22097192000001,4.415044100000046],[114.21613707600011,4.424314229000061],[114.20646738700009,4.434696637000059],[114.17187965200003,4.465101418000074],[114.16816054100002,4.470663132000027],[114.16035040800011,4.495504939000057],[114.15923467400012,4.514043050000055],[114.16518525200001,4.571137446000023],[114.08150525000008,4.583000648000052],[114.08187716100008,4.587820018000059],[113.99410613600003,4.592639355000074],[113.98183306900012,4.598941516000025],[113.97848586900011,4.597829374000071],[113.97737013500011,4.590785768000046],[113.96844426900009,4.581517759000064],[113.99596569200003,4.497358772000041],[113.99947560300006,4.441046520000043],[113.9940276860001,4.42294109900007],[113.97586796300004,4.39125554900005],[113.97132803200009,4.372243572000059],[113.96588011600011,4.367716840000071],[113.96406414300009,4.356852571000047],[113.97132803200009,4.336934338000049],[113.9141249060001,4.23642983600007],[113.81061448600008,4.113271412000074],[113.81152247200009,4.09696959300004],[113.81606240300005,4.086101530000064],[113.82514226400008,4.09062990700005],[113.84057802900008,4.12051655800002],[113.86781761300006,4.154024497000023],[113.90050511400011,4.181192052000029],[113.92320476700002,4.192964367000059],[113.94045650400005,4.194775476000075],[113.95407629600004,4.201114327000028],[114.00470560300005,4.216218695000066],[114.02330115900008,4.21679823300002],[114.07270235900012,4.228033483000047]]]]}},{"type":"Feature","properties":{"state":"Sarawak","district":"Telang Usan"},"geometry":{"type":"Polygon","coordinates":[[[115.09777563500006,2.823057137000035],[115.11230341400005,2.824217948000069],[115.14989404000005,2.855341764000059],[115.16623779000008,2.876199328000041],[115.17350167900008,2.909751999000036],[115.1744096650001,2.929701763000025],[115.19166140200002,2.940583303000039],[115.20164925000006,2.941490093000027],[115.21072911100009,2.946930819000045],[115.22162494500003,2.96234606400003],[115.2470485560001,2.970506989000057],[115.26611626500005,2.985921905000055],[115.28246001600007,3.006777035000027],[115.28972390500007,3.030351920000044],[115.28972390500007,3.054832987000054],[115.28609196000002,3.071153388000027],[115.28972390500007,3.085660203000032],[115.28972390500007,3.100166819000037],[115.28246001600007,3.117393167000046],[115.26157633500009,3.155471461000047],[115.13899820600011,3.350373848000061],[115.12265445600008,3.414728548000028],[115.11993049700004,3.472734726000056],[115.10721869100007,3.509893064000039],[115.1090346630001,3.541612428000064],[115.11993049700004,3.557924822000075],[115.14172216400004,3.601423121000039],[115.14626209500011,3.61954680100007],[115.16442181800005,3.663948280000056],[115.23524473700002,3.77267723600005],[115.24614057000008,3.78264338300005],[115.24886452900012,3.798951375000058],[115.20346522200009,3.826130676000048],[115.19256938800004,3.842437843000027],[115.0654513290001,3.952050088000021],[115.04275167500009,3.949332603000073],[115.01872127700005,3.930246183000065],[114.99640661,3.904273227000033],[114.97706723200008,3.893883819000052],[114.95921549800005,3.889431176000073],[114.9268592300001,3.919115015000045],[114.90789176300007,3.919115015000045],[114.88371754000002,3.92616477200005],[114.87367594000011,3.932843435000052],[114.85396465000008,3.932101364000061],[114.83276571600004,3.925422695000066],[114.8041285600001,3.908354745000054],[114.76321833700001,3.889060121000057],[114.72156429100005,3.871991432000073],[114.70557211300002,3.86865186600005],[114.69181140100011,3.875330986000051],[114.68028215600009,3.876073107000025],[114.64011575500001,3.886091678000071],[114.61296624300007,3.887204846000031],[114.60106508700005,3.883865339000067],[114.58730437600002,3.840079483000068],[114.577262775,3.828947127000049],[114.53374917400004,3.825236309000047],[114.5062277510001,3.814103760000023],[114.49097939500007,3.810021789000075],[114.47945015000005,3.810021789000075],[114.47052428300003,3.812619409000035],[114.46308606100001,3.818927882000025],[114.46829281700002,3.83340008700003],[114.4508129940001,3.834884402000057],[114.4511849050001,3.846387754000034],[114.45639166100011,3.860117359000071],[114.47573103900004,3.87050718200004],[114.47759059500004,3.878670526000064],[114.46978046100003,3.894625923000035],[114.46382988300002,3.900562738000076],[114.462342239,3.89685223400005],[114.460110772,3.897223285000052],[114.45750739400012,3.901304837000055],[114.4515568160001,3.902417985000056],[114.4493253490001,3.905757417000075],[114.460482683,3.911323109000023],[114.44039948300008,3.920970220000072],[114.44002757100009,3.934698609000066],[114.43482081600007,3.936553780000054],[114.43147361600006,3.935069644000066],[114.42924214900006,3.939522044000057],[114.42924214900006,3.950281912000037],[114.43072979300007,3.955105256000024],[114.43630846000008,3.957702429000051],[114.43593654900008,3.961783686000047],[114.42961406000006,3.968091042000026],[114.41170130900002,3.974695454000027],[114.41624124000009,3.962919941000052],[114.410793323,3.918533813000067],[114.4098853370001,3.885922094000023],[114.40443742000002,3.867803927000068],[114.39263360100006,3.856026911000072],[114.38446172500005,3.84062595100005],[114.37628985000003,3.80529328800003],[114.3653940160001,3.789891417000035],[114.35631415500006,3.767241108000064],[114.36357804400006,3.751838562000046],[114.36357804400006,3.724656935000041],[114.37901380800008,3.706535384000063],[114.3735658920001,3.664854410000032],[114.3663020030001,3.650356223000074],[114.3436023490001,3.642200890000026],[114.33179852900003,3.630420835000052],[114.316362765,3.588736331000064],[114.2927551250001,3.578768015000037],[114.27368741600003,3.579674230000023],[114.25371172100006,3.595079748000046],[114.24644783200006,3.59145494400002],[114.25007977700011,3.570612039000025],[114.26551554100001,3.54976866100003],[114.2782273470001,3.537987413000053],[114.29820304200007,3.513518189000024],[114.31363880700007,3.502642772000058],[114.32907457100009,3.495392424000045],[114.34723429400003,3.489954626000042],[114.37628985000003,3.487235716000043],[114.39263360100006,3.479078936000064],[114.42804506000004,3.421979513000053],[114.44438881000008,3.404758382000068],[114.47798429800002,3.356718867000041],[114.50159193700006,3.331338544000062],[114.51702770100007,3.320461062000049],[114.52883152100003,3.307770516000062],[114.54971520200002,3.304144615000041],[114.56151902200008,3.294173321000073],[114.58058673100004,3.25519367000004],[114.61509020400001,3.217119066000066],[114.63234194100005,3.187202307000064],[114.6350658990001,3.154564851000032],[114.64959367800009,3.140058985000053],[114.68954506800003,3.123739646000047],[114.70498083200005,3.100166819000037],[114.70134888700011,3.08384686200003],[114.680465206,3.049392798000042],[114.66684541400002,3.05211289600004],[114.63960583000005,3.063899907000064],[114.60419437100006,3.057553071000029],[114.55908561900003,3.057516803000055],[114.537584508,3.054035094000028],[114.53467895200004,3.012834016000056],[114.53932784100004,2.989621453000041],[114.55443673000002,2.965247733000069],[114.55908561900003,2.948998287000052],[114.56024784200008,2.930427202000033],[114.55241050300003,2.893294704000027],[114.55966673000012,2.888060764000045],[114.56780228600007,2.887480391000054],[114.5986011760001,2.89444485000007],[114.610223399,2.892703739000069],[114.61952117700002,2.886319643000036],[114.62649451000004,2.879355135000026],[114.63404895500003,2.859622130000048],[114.65032006700005,2.848014321000051],[114.66484784500005,2.84104958000006],[114.68111895600009,2.826539567000054],[114.68286229000012,2.818413880000037],[114.68111895600009,2.801001504000055],[114.68402451200006,2.783008443000028],[114.68925451200005,2.775462884000035],[114.70610673500005,2.762693367000054],[114.7462034030001,2.720320807000064],[114.75550118100011,2.714516230000072],[114.8502222950001,2.716838064000058],[114.88799451800003,2.714516230000072],[114.91937451900003,2.695941398000059],[114.9350645190001,2.691878115000065],[114.96121452000011,2.690717175000032],[114.99898674400004,2.713935771000024],[115.01293341100006,2.729608072000076],[115.04896230100007,2.749923713000044],[115.07336896800007,2.771980302000031],[115.08499119100009,2.795197321000046],[115.0896400800001,2.816672654000058],[115.09777563500006,2.823057137000035]]]}},{"type":"Feature","properties":{"state":"Sarawak","district":"Marudi"},"geometry":{"type":"Polygon","coordinates":[[[114.41170130900002,3.974695454000027],[114.42961406000006,3.968091042000026],[114.43593654900008,3.961783686000047],[114.43630846000008,3.957702429000051],[114.43072979300007,3.955105256000024],[114.42924214900006,3.950281912000037],[114.42924214900006,3.939522044000057],[114.43147361600006,3.935069644000066],[114.43482081600007,3.936553780000054],[114.44002757100009,3.934698609000066],[114.44039948300008,3.920970220000072],[114.460482683,3.911323109000023],[114.4493253490001,3.905757417000075],[114.4515568160001,3.902417985000056],[114.45750739400012,3.901304837000055],[114.460110772,3.897223285000052],[114.462342239,3.89685223400005],[114.46382988300002,3.900562738000076],[114.46978046100003,3.894625923000035],[114.47759059500004,3.878670526000064],[114.47573103900004,3.87050718200004],[114.45639166100011,3.860117359000071],[114.4511849050001,3.846387754000034],[114.4508129940001,3.834884402000057],[114.46829281700002,3.83340008700003],[114.46308606100001,3.818927882000025],[114.47052428300003,3.812619409000035],[114.47945015000005,3.810021789000075],[114.49097939500007,3.810021789000075],[114.5062277510001,3.814103760000023],[114.53374917400004,3.825236309000047],[114.577262775,3.828947127000049],[114.58730437600002,3.840079483000068],[114.60106508700005,3.883865339000067],[114.61296624300007,3.887204846000031],[114.64011575500001,3.886091678000071],[114.68028215600009,3.876073107000025],[114.69181140100011,3.875330986000051],[114.70557211300002,3.86865186600005],[114.72156429100005,3.871991432000073],[114.76321833700001,3.889060121000057],[114.8041285600001,3.908354745000054],[114.83276571600004,3.925422695000066],[114.85396465000008,3.932101364000061],[114.87367594000011,3.932843435000052],[114.88371754000002,3.92616477200005],[114.90789176300007,3.919115015000045],[114.9268592300001,3.919115015000045],[114.95921549800005,3.889431176000073],[114.97706723200008,3.893883819000052],[114.99640661,3.904273227000033],[115.0291318830001,3.939368413000068],[115.04275167500009,3.949332603000073],[115.05264110500002,3.950516515000061],[115.04847416700011,4.007047174000036],[115.05516856700001,4.019290147000049],[115.08008661300005,4.045630466000034],[115.08603719100006,4.07271187300006],[115.09050012400007,4.081986118000032],[115.10946759100011,4.101276204000044],[115.10946759100011,4.107582477000051],[115.09533496900008,4.115743463000058],[115.07264839000004,4.13503273300006],[115.0473584340001,4.127613839000048],[114.997894255,4.128726677000031],[114.9856211880001,4.116856319000021],[114.9792986980001,4.118711074000032],[114.97037283200007,4.133548960000041],[114.96442225400006,4.138000272000056],[114.94247949700002,4.14541906900007],[114.93429745300011,4.15654713400005],[114.87256020600012,4.157659932000058],[114.86065905100008,4.159885523000071],[114.83536909400004,4.176206332000049],[114.83016233900003,4.17546448500002],[114.8089634050001,4.162482038000064],[114.81259325700012,4.159603615000037],[114.8123106050001,4.15654713400005],[114.80115327100009,4.13688744600006],[114.79334313700008,4.130210460000058],[114.79185549300007,4.123162469000022],[114.78032624800005,4.118711074000032],[114.76879700300003,4.103130995000072],[114.75392055800012,4.090147365000064],[114.72974633600006,4.054534042000057],[114.70891931300002,4.034500858000058],[114.6851170010001,4.01854815400003],[114.64420677700002,4.005934167000021],[114.61742917700008,4.001482125000052],[114.61147859900007,4.007418176000044],[114.62412357700009,4.020403136000027],[114.6252393100001,4.024484080000036],[114.62189211000009,4.032645909000053],[114.61333815400008,4.043033571000024],[114.58730437600002,4.047114402000034],[114.57391557500011,4.07048603800007],[114.5526933970001,4.083493172000033],[114.55501784100011,4.094506179000064],[114.54455784100003,4.107837510000024],[114.54978784100001,4.120589009000071],[114.54572006300009,4.12696468200005],[114.53061117400011,4.133919904000038],[114.52015117400003,4.143773029000045],[114.5114345070001,4.142613844000039],[114.49923117300011,4.146670984000025],[114.49748784000008,4.155944368000064],[114.48586561700006,4.168115519000025],[114.48296006200007,4.177968218000046],[114.46494561700001,4.21274145600006],[114.46378339400007,4.230127494000044],[114.45797228300012,4.235922753000068],[114.45971561600004,4.262000881000063],[114.45041783800002,4.282283258000064],[114.43589006000002,4.27243188500006],[114.4242678380001,4.255626309000036],[114.4172945040001,4.255046800000059],[114.39405005900005,4.264318894000041],[114.37719783600005,4.265477898000029],[114.36731894700006,4.260841872000071],[114.3615078360001,4.254467290000036],[114.34291228000006,4.260262367000053],[114.32722227900001,4.257364834000043],[114.32083005700008,4.259682861000044],[114.31850561200008,4.266636900000037],[114.32431672400003,4.314154478000034],[114.32664116800004,4.329220408000026],[114.33303339000008,4.347183240000049],[114.30804561200011,4.365145644000052],[114.31908672300005,4.391798741000059],[114.30397783400008,4.433514718000026],[114.2865445000001,4.454371825000067],[114.28305783300004,4.470014268000057],[114.26097561100005,4.507670628000028],[114.21448672000008,4.53315998000005],[114.1993778310001,4.529104916000051],[114.18949894200011,4.552276405000043],[114.16518525200001,4.571137446000023],[114.15923467400012,4.514043050000055],[114.16035040800011,4.495504939000057],[114.16816054100002,4.470663132000027],[114.17187965200003,4.465101418000074],[114.19642578600008,4.445078898000077],[114.21613707600011,4.424314229000061],[114.22097192000001,4.415044100000046],[114.21911236500011,4.399099206000074],[114.18080551900005,4.343103976000066],[114.17485494100004,4.327528403000031],[114.1503088070001,4.310098215000039],[114.12092782900004,4.299714083000026],[114.10381991700001,4.290071548000071],[114.07741422700008,4.284879364000062],[114.06960409400006,4.276349270000026],[114.06328160500004,4.258176144000061],[114.06476924900005,4.244082404000039],[114.07270235900012,4.228033483000047],[114.10407560600004,4.225491255000065],[114.12615782900002,4.219116382000038],[114.1366178290001,4.213320997000039],[114.18659338600003,4.205207386000041],[114.22029783200003,4.184922989000029],[114.22320338700001,4.172752099000036],[114.21448672000008,4.153626032000034],[114.21830026200007,4.126856006000025],[114.21194435900009,4.074327628000049],[114.25007977700011,3.982847633000063],[114.27187144400011,3.94570927500007],[114.26823950000005,3.935745042000065],[114.25734366600011,3.929404104000071],[114.26097561100005,3.91491035100006],[114.2782273470001,3.928498252000054],[114.28821519500002,3.94299176800007],[114.2927551250001,3.961108309000053],[114.29729505600005,4.013644026000065],[114.309098876,4.025418811000065],[114.3227186680001,4.000963299000034],[114.33815443200001,3.981941840000047],[114.41170130900002,3.974695454000027]]]}},{"type":"Feature","properties":{"state":"Sarawak","district":"Lawas"},"geometry":{"type":"Polygon","coordinates":[[[115.5661512050001,3.93741179400007],[115.56905676100007,3.934513092000032],[115.57951676100004,3.942049698000062],[115.58997676100012,3.945528108000076],[115.59927453900002,3.942629434000025],[115.61670787300011,3.944948374000035],[115.64518231800002,3.966977983000049],[115.66552120800009,4.006977611000025],[115.66842676300007,4.020890068000028],[115.684116764,4.063205660000051],[115.69109009700003,4.124066655000036],[115.669588986,4.129862698000068],[115.65622343000007,4.146670984000025],[115.65157454100006,4.156523951000054],[115.64518231800002,4.19303681100007],[115.65215565200003,4.249831198000038],[115.65622343000007,4.260262367000053],[115.6846978750001,4.302565098000059],[115.6701700970001,4.340809381000042],[115.65215565200003,4.349500994000039],[115.62251898400007,4.357033644000069],[115.59636898300005,4.380210555000076],[115.59636898300005,4.392957550000062],[115.60566676200006,4.420189036000068],[115.60508565000009,4.431776600000035],[115.60159898400002,4.444522710000058],[115.58009787200001,4.479863042000034],[115.57603009400009,4.490870338000036],[115.5806789830001,4.502456786000039],[115.59230120600012,4.516360280000072],[115.59288231700009,4.525049829000068],[115.5783545380001,4.551117848000047],[115.5806789830001,4.574867889000075],[115.56324564900001,4.599775621000049],[115.55975898200006,4.615414915000031],[115.5638267600001,4.63163307800005],[115.58474676100002,4.659434778000048],[115.59636898300005,4.668122584000059],[115.61380231700002,4.694764517000067],[115.64460120700005,4.768893220000052],[115.66203454100003,4.782791465000059],[115.66494009700011,4.800163875000067],[115.66261565200011,4.856331630000057],[115.64983120700003,4.889914242000032],[115.64518231800002,4.930442737000021],[115.6387900960001,4.944916601000045],[115.63356009600011,4.967495197000062],[115.63297898500002,4.986020648000022],[115.62949231800008,4.99354646300003],[115.61961342900008,4.999335492000057],[115.59462565000001,4.999335492000057],[115.54813676000003,4.992967557000043],[115.534190093,4.979652583000075],[115.50513453600001,4.968653053000025],[115.49235009100005,4.968074125000044],[115.46620009100002,4.983126080000034],[115.430171201,4.979073665000044],[115.42668453400006,4.970968759000073],[115.40983231100006,4.965758410000035],[115.40808897800002,4.953600768000058],[115.39414231100011,4.947811336000029],[115.39472342200008,4.939127093000025],[115.4016967550001,4.928705852000064],[115.39472342200008,4.920600329000024],[115.36276231000011,4.903810003000046],[115.34242342000005,4.903231019000032],[115.31917897500011,4.90670491700007],[115.30755675300009,4.911915730000032],[115.2953534190001,4.922337235000043],[115.26397341800009,4.929863776000047],[115.25583786200002,4.938548140000023],[115.24770230600006,4.954758648000052],[115.2395667510001,4.980810417000043],[115.20702452700004,4.977915827000061],[115.20005119400003,4.968653053000025],[115.20411897200006,4.943758704000061],[115.15298119300007,4.920600329000024],[115.14833230400006,4.913652659000036],[115.14019674800011,4.907862879000049],[115.14600785900006,4.900336090000053],[115.1477511920001,4.893967202000056],[115.15704897,4.883545255000058],[115.15995452600009,4.875439184000072],[115.16634674800002,4.870807099000046],[115.17157674900011,4.873702156000036],[115.17215786000008,4.86791203000007],[115.17564452700003,4.865595966000058],[115.18319897100002,4.867333015000042],[115.18668563800009,4.863279894000073],[115.18261786000005,4.859226749000072],[115.18261786000005,4.852278443000046],[115.19307786000002,4.837223534000032],[115.24072897300005,4.80074294700006],[115.23549897300006,4.773526],[115.22852563900005,4.76136488700007],[115.23375563900004,4.750940904000061],[115.24072897300005,4.750940904000061],[115.24305341700006,4.741095887000029],[115.25816230700002,4.730671599000061],[115.26106786200012,4.720247153000059],[115.24305341700006,4.700556107000068],[115.26746008500004,4.689552045000028],[115.27036564000002,4.679706158000045],[115.26687897400006,4.669280950000029],[115.25641897300011,4.657697204000044],[115.25874341800011,4.649588468000047],[115.27152786300007,4.64785087000007],[115.27617675200008,4.638583606000054],[115.28838008500009,4.629316221000067],[115.29070453000008,4.613098004000051],[115.28605564100008,4.596879418000071],[115.28896119700005,4.585873738000032],[115.28779897400011,4.575447148000023],[115.28256897400001,4.569075268000063],[115.27501452900003,4.566178941000032],[115.2709467520001,4.533739273000037],[115.26687897400006,4.527367024000057],[115.26978452900005,4.509408566000047],[115.27327119600011,4.509987878000061],[115.27908230700007,4.506511999000054],[115.27501452900003,4.482180381000035],[115.27908230700007,4.470593611000027],[115.2785011960001,4.463641461000066],[115.27327119600011,4.454371825000067],[115.27385230700008,4.440467153000043],[115.28082564100009,4.428879726000048],[115.2953534190001,4.414974573000052],[115.30058341900008,4.401069161000066],[115.31394897500002,4.396433965000028],[115.32963897600007,4.385425261000023],[115.34997786500003,4.350659868000037],[115.36508675400012,4.343706596000061],[115.36392453200006,4.33559436500002],[115.34416675400007,4.304882988000031],[115.33312564200003,4.299088249000022],[115.31627342000002,4.303144571000075],[115.3117518360001,4.30777419900005],[115.30397710800003,4.289700679000021],[115.29765461900001,4.282654131000072],[115.294307419,4.272269626000025],[115.296538886,4.253725517000021],[115.30695239700003,4.243340621000073],[115.3381929310001,4.223683114000039],[115.3452592430001,4.214410533000034],[115.36385479800003,4.20847602300006],[115.4029054670001,4.205137841000067],[115.41889764400003,4.199945085000024],[115.43451791200005,4.19401046400003],[115.4653865350001,4.170271532000072],[115.471709024,4.140596858000038],[115.48100680200002,4.13095234900004],[115.49439560300004,4.123533417000033],[115.49997426900006,4.112775842000076],[115.50183382500006,4.101647163000052],[115.49811471400005,4.087921579000067],[115.48956075800004,4.078276433000042],[115.48249444600003,4.038581732000068],[115.48472591400002,4.032274919000031],[115.49699898100005,4.024855074000072],[115.50034618100005,4.017806160000021],[115.50332146900007,3.992206960000033],[115.50146191400006,3.953992179000068],[115.50852822500008,3.945087510000064],[115.52176286500003,3.939855997000052],[115.52431120400001,3.942629434000025],[115.53593342600004,3.942629434000025],[115.5661512050001,3.93741179400007]]]}},{"type":"Feature","properties":{"state":"Sarawak","district":"Limbang"},"geometry":{"type":"Polygon","coordinates":[[[115.52176286500003,3.939855997000052],[115.50852822500008,3.945087510000064],[115.50146191400006,3.953992179000068],[115.50332146900007,3.992206960000033],[115.50034618100005,4.017806160000021],[115.49699898100005,4.024855074000072],[115.48472591400002,4.032274919000031],[115.48249444600003,4.038581732000068],[115.48956075800004,4.078276433000042],[115.49811471400005,4.087921579000067],[115.50183382500006,4.101647163000052],[115.49997426900006,4.112775842000076],[115.49439560300004,4.123533417000033],[115.48100680200002,4.13095234900004],[115.471709024,4.140596858000038],[115.4653865350001,4.170271532000072],[115.43451791200005,4.19401046400003],[115.41889764400003,4.199945085000024],[115.4029054670001,4.205137841000067],[115.36385479800003,4.20847602300006],[115.3452592430001,4.214410533000034],[115.3381929310001,4.223683114000039],[115.30695239700003,4.243340621000073],[115.296538886,4.253725517000021],[115.294307419,4.272269626000025],[115.29765461900001,4.282654131000072],[115.30397710800003,4.289700679000021],[115.3117518360001,4.30777419900005],[115.29651564100004,4.318790181000054],[115.29709675200002,4.336753260000023],[115.292447863,4.33559436500002],[115.28256897400001,4.337912154000037],[115.27559564100011,4.343127154000058],[115.2540945290001,4.33559436500002],[115.24654008400012,4.340809381000042],[115.24247230600008,4.366883918000042],[115.23549897300006,4.367463342000065],[115.21980897200001,4.358771937000029],[115.20295675000011,4.359351367000045],[115.18726674900006,4.372098717000029],[115.17273897100006,4.370939876000023],[115.15646785900003,4.373836976000064],[115.15240008100011,4.383107618000054],[115.14426452600003,4.380789968000045],[115.14077785900008,4.375575230000038],[115.13438563600005,4.373257557000045],[115.11462785800006,4.37151929700002],[115.09254563500008,4.385425261000023],[115.0919645240001,4.39411635700003],[115.10300563500005,4.405704327000024],[115.10474896900007,4.413815799000076],[115.09254563500008,4.433514718000026],[115.09893785800011,4.468855580000024],[115.09370785700003,4.474649001000046],[115.09545119100005,4.486235707000048],[115.09312674600005,4.494346292000046],[115.07976119000011,4.512884432000021],[115.08208563500011,4.534897858000022],[115.08034230100009,4.540690754000025],[115.07395007900004,4.547062885000059],[115.0704634120001,4.574867889000075],[115.06581452300009,4.581239717000074],[115.0629089680001,4.591086976000042],[115.05361119000008,4.596879418000071],[115.03966452300006,4.626999355000066],[115.04198896700007,4.63394992800005],[115.05012452300002,4.642638049000027],[115.04780007800002,4.653063652000071],[115.04024563400003,4.657697204000044],[115.04140785600009,4.686077042000022],[115.03036674400005,4.699976950000064],[115.03908341100009,4.717930589000048],[115.0385023,4.727196801000048],[115.02746118900006,4.732988121000062],[115.02629896700012,4.749782674000073],[115.03327230000002,4.759048460000031],[115.03094785600001,4.766576819000022],[115.05419230100006,4.788582317000021],[115.03327230000002,4.797268504000044],[115.02862341100001,4.80363830400006],[115.02978563300007,4.845909099000039],[115.03792118900003,4.858068703000072],[115.05361119000008,4.87428116600006],[115.05651674500007,4.880650241000069],[115.05477341200003,4.890493238000033],[115.03036674400005,4.882966253000063],[115.02281230000006,4.885282257000028],[115.02223118900008,4.895704177000027],[115.02571785500004,4.905546953000055],[115.02223118900008,4.917705475000048],[115.01060896600006,4.905546953000055],[114.98968896500003,4.87428116600006],[114.98968896500003,4.853436499000054],[114.98213452100003,4.851699414000052],[114.98736452100002,4.836644493000051],[114.98097229900009,4.827958809000052],[114.97283674300002,4.808849914000064],[114.96353896500011,4.814640545000032],[114.95714674200008,4.805954580000048],[114.95075452000003,4.805375511000022],[114.9350645190001,4.814061484000035],[114.91821229700008,4.808270848000063],[114.89671118500007,4.815219605000038],[114.88567007300003,4.805375511000022],[114.86010118400009,4.797847579000063],[114.84615451700006,4.783370553000054],[114.84383007200006,4.777579656000057],[114.84499229500011,4.763102202000027],[114.83685673900004,4.745149735000041],[114.81186896000008,4.739358517000028],[114.79269229300007,4.731250730000056],[114.78513784800009,4.73009246700002],[114.78048895900008,4.732408991000057],[114.77642118100005,4.726617667000028],[114.78630007100003,4.712139143000059],[114.78397562600003,4.704031038000039],[114.77874562600005,4.699976950000064],[114.77700229200002,4.694185355000059],[114.78862451500004,4.68839371200005],[114.78862451500004,4.682602021000037],[114.7921111820001,4.676810282000076],[114.80140896000012,4.677968634000024],[114.80605784900001,4.673914395000054],[114.81070673800002,4.665805846000069],[114.81651784900009,4.661172348000036],[114.81826118300012,4.653063652000071],[114.81651784900009,4.643796457000064],[114.81361229400011,4.643217253000046],[114.80257118200007,4.655380432000072],[114.80024673800006,4.646692468000026],[114.80082784900003,4.633370717000048],[114.81012562700005,4.626420138000071],[114.80780118200005,4.599775621000049],[114.82000451600004,4.592245468000044],[114.82000451600004,4.582977478000032],[114.81651784900009,4.574288629000023],[114.82000451600004,4.55691061300007],[114.81768007100004,4.472331638000071],[114.82814007200011,4.441625886000054],[114.83395118300007,4.428879726000048],[114.84150562800005,4.424244704000046],[114.8525467390001,4.421347801000024],[114.86823674000004,4.421927182000047],[114.87521007300006,4.425403462000077],[114.88567007300003,4.423085944000036],[114.87869674,4.390639931000067],[114.88044007300005,4.36804276600003],[114.87462896200009,4.343706596000061],[114.87056118400005,4.334435468000038],[114.85080340600007,4.311257149000028],[114.81768007100004,4.263159888000075],[114.81303118200003,4.251569736000022],[114.81942340500007,4.24751314100007],[114.82814007200011,4.259103355000036],[114.84266785000011,4.266636900000037],[114.85138451700004,4.279965299000025],[114.85429007300002,4.278806317000033],[114.85719562800011,4.27185238800007],[114.85603340600005,4.266057399000033],[114.84208673900002,4.242877007000061],[114.83220785000003,4.219116382000038],[114.81768007100004,4.205207386000041],[114.81186896000008,4.19709369100002],[114.80954451600007,4.187820792000025],[114.80373340400001,4.18376386500006],[114.80140896000012,4.17159295600004],[114.79559784900005,4.163478912000073],[114.79617896000002,4.156523951000054],[114.80257118200007,4.157683116000044],[114.80547673800004,4.163478912000073],[114.8089634050001,4.162482038000064],[114.82198029400001,4.171384310000064],[114.83536909400004,4.176206332000049],[114.86065905100008,4.159885523000071],[114.87256020600012,4.157659932000058],[114.93429745300011,4.15654713400005],[114.94247949700002,4.14541906900007],[114.96442225400006,4.138000272000056],[114.97037283200007,4.133548960000041],[114.9792986980001,4.118711074000032],[114.9856211880001,4.116856319000021],[114.997894255,4.128726677000031],[115.0473584340001,4.127613839000048],[115.07264839000004,4.13503273300006],[115.09533496900008,4.115743463000058],[115.10946759100011,4.107582477000051],[115.10946759100011,4.102620928000022],[115.12566896900012,4.078276432000052],[115.14368341400007,4.062626010000031],[115.15298119300007,4.041758307000066],[115.16750897100007,4.029005558000051],[115.1791311930001,3.99654311300003],[115.22794452800008,3.943209169000056],[115.24189119500011,3.933933350000075],[115.277920085,3.901467171000036],[115.28896119700005,3.87305823500003],[115.31511119700008,3.861462477000032],[115.3290578640001,3.849866560000066],[115.36566786600008,3.831312765000064],[115.38252008800009,3.829573326000059],[115.41273786700003,3.844648346000042],[115.4284278670001,3.846387754000034],[115.44121231200006,3.836531060000027],[115.4499289790001,3.821455897000021],[115.45690231300011,3.820876078000026],[115.47201120200009,3.838270485000066],[115.48712009100007,3.851026159000071],[115.49990453600003,3.875377368000045],[115.50745898100001,3.883494282000072],[115.5080400920001,3.895669507000036],[115.50339120300009,3.922918181000057],[115.52176286500003,3.939855997000052]]]}},{"type":"Feature","properties":{"state":"Sarawak","district":"Tanjung Manis"},"geometry":{"type":"Polygon","coordinates":[[[111.46622623900004,2.250643635000074],[111.46139139400009,2.262862588000075],[111.45841610500008,2.276240886000039],[111.46250712800008,2.281815140000049],[111.46771388300004,2.300024220000068],[111.47663975000006,2.319347887000049],[111.48519370600008,2.325293577000025],[111.49040046200008,2.333468861000028],[111.49151494500006,2.340027998000039],[111.48185794300008,2.351431265000031],[111.44543174500006,2.373268408000058],[111.43190201500005,2.374308264000035],[111.41629078700004,2.369108979000032],[111.39963881100005,2.369108979000032],[111.38194608600008,2.358710350000024],[111.37674234400004,2.343112262000034],[111.36737560700004,2.33895274200006],[111.35696812200007,2.341032504000054],[111.34864213400004,2.345192018000034],[111.32886791200008,2.372228552000024],[111.32782716400004,2.390945844000044],[111.30284919900004,2.404463730000032],[111.27474899000003,2.41174253500003],[111.25913776200008,2.420061123000039],[111.25238457400008,2.438952983000036],[111.21468211700005,2.415435328000058],[111.20287829800009,2.405456318000063],[111.19016649200006,2.38912687100003],[111.18381058900007,2.366446763000056],[111.18108663000004,2.345580735000055],[111.18925850600004,2.29023890000002],[111.18290260300006,2.207675812000048],[111.17927065800006,2.193158746000051],[111.17019079700009,2.18862213400007],[111.16655885200004,2.17954886900003],[111.16201892100008,2.160494834000076],[111.16383489400005,2.150514054000041],[111.17654670000007,2.138718502000074],[111.18744253300008,2.133274371000027],[111.20291316400005,2.148398846000021],[111.21667387600007,2.151372041000059],[111.23043458700005,2.15025709300005],[111.23898854300006,2.153230285000063],[111.25312116600008,2.152486987000032],[111.27729538900007,2.142824090000033],[111.29179992200005,2.141337486000054],[111.30370107800007,2.13613435700006],[111.31634605700009,2.123869770000056],[111.32490001200006,2.11903823900002],[111.33308205700007,2.11866658200006],[111.33680116800008,2.121268178000037],[111.33456970200007,2.135019398000054],[111.33605734600008,2.142824090000033],[111.34386748000009,2.158805002000065],[111.35762819100006,2.165866282000025],[111.36581023600007,2.167352863000076],[111.37268315300008,2.161926835000031],[111.37672954600004,2.171678805000056],[111.37696756900004,2.185712018000061],[111.38482233200006,2.188328365000075],[111.39481930300008,2.173819473000037],[111.41005278300008,2.182382115000053],[111.42933265500005,2.210923899000022],[111.44075776500006,2.218534950000048],[111.45408706000006,2.22186477200006],[111.46860647000005,2.237800245000074],[111.47669925600007,2.238513770000054],[111.47384297900004,2.244221954000068],[111.46622623900004,2.250643635000074]]]}}]}